AtlasCourseId,CourseReference,DORSCourseIdentifier,DORSForceContractIdentifier,AtlasVenueId,VenueName,DORSSiteIdentifier,CourseStartDateAndTime,CourseEndDateAndTime,CourseType,CourseEnabled,DORSSChemeName,DORSSchemeIdentifier,Notes
5710,DC95A,2667000,639,18,Signature,708,2017-11-30 13:30,2017-11-30 17:30,National Speed Awareness Course,YES,National Speed Awareness Course,2,"NOTE ADDED: Sep 28 2017  8:55AM BY: Sam Foster  Client Name: John Hulsmeier, Id: 64584 - transferred into this course from course Id: 5633  ------------------------------------  ,NOTE ADDED: Sep 28 2017  8:55AM BY: Sam Foster    ------------------------------------  ,NOTE ADDED: Oct  3 2017  9:12AM BY: Joanne Coulter  Client Name: Ms Susan Johnson, Id: 64541 - transferred into this course from course Id: 5628  ------------------------------------  ,NOTE ADDED: Oct  3 2017  9:12AM BY: Joanne Coulter    ------------------------------------  ,NOTE ADDED: Oct  5 2017 12:31PM BY: Amanda Thomas  Client Name: Ms Denise Hunt, Id: 59510 - transferred into this course from course Id: 5637  ------------------------------------  ,NOTE ADDED: Oct  5 2017 12:31PM BY: Amanda Thomas    ------------------------------------  "
5758,ST702A,2667007,634,9,Durham Tees Valley Business Centre,709,2017-11-30 13:30,2017-11-30 17:30,National Speed Awareness Course,YES,National Speed Awareness Course,2,NULL
5709,DC95,2666999,639,18,Signature,708,2017-11-30 08:30,2017-11-30 12:30,National Speed Awareness Course,YES,National Speed Awareness Course,2,NULL
5757,ST702,2667006,634,9,Durham Tees Valley Business Centre,709,2017-11-30 08:30,2017-11-30 12:30,National Speed Awareness Course,YES,National Speed Awareness Course,2,"NOTE ADDED: Oct  4 2017  3:47PM BY: Ellie Sumpton  Client Name: Mrs Jill Harrison, Id: 61569 - transferred into this course from course Id: 5759  ------------------------------------  ,NOTE ADDED: Oct  4 2017  3:47PM BY: Ellie Sumpton    ------------------------------------  "
5708,DT152A,2666998,639,16,Morrison Trust Darlington,626,2017-11-29 13:30,2017-11-29 17:30,National Speed Awareness Course,YES,National Speed Awareness Course,2,NULL
5756,MB1157A,2667005,634,24,TAD Centre,152,2017-11-29 13:30,2017-11-29 17:30,National Speed Awareness Course,YES,National Speed Awareness Course,2,"NOTE ADDED: Sep 26 2017 12:03PM BY: LCrossman  Client Name: Rebecca Dack, Id: 63358 - transferred into this course from course Id: 5577  ------------------------------------  ,NOTE ADDED: Sep 26 2017 12:03PM BY: LCrossman    ------------------------------------  ,NOTE ADDED: Sep 29 2017  9:26AM BY: Ellie Sumpton  Client Name: Wilfred Hustwit, Id: 64402 - transferred into this course from course Id: 5628  ------------------------------------  ,NOTE ADDED: Sep 29 2017  9:26AM BY: Ellie Sumpton    ------------------------------------  ,NOTE ADDED: Oct  4 2017  8:30AM BY: Sam Foster  Client Name: Mr Alec Stuart Westwood, Id: 64052 - transferred into this course from course Id: 5577  ------------------------------------  ,NOTE ADDED: Oct  4 2017  8:30AM BY: Sam Foster    ------------------------------------  "
5707,DT152,2666997,639,16,Morrison Trust Darlington,626,2017-11-29 08:30,2017-11-29 12:30,National Speed Awareness Course,YES,National Speed Awareness Course,2,NULL
5755,MB1157,2667004,634,24,TAD Centre,152,2017-11-29 08:30,2017-11-29 12:30,National Speed Awareness Course,YES,National Speed Awareness Course,2,NULL
5754,ST701E,2667003,634,9,Durham Tees Valley Business Centre,709,2017-11-28 16:45,2017-11-28 20:45,National Speed Awareness Course,YES,National Speed Awareness Course,2,NULL
5706,PL104A,2666996,639,27,The Pavillion Peterlee,625,2017-11-28 13:30,2017-11-28 17:30,National Speed Awareness Course,YES,National Speed Awareness Course,2,NULL
5753,MB1156A,2667002,634,24,TAD Centre,152,2017-11-28 13:30,2017-11-28 17:30,National Speed Awareness Course,YES,National Speed Awareness Course,2,NULL
5705,PL104,2666987,639,27,The Pavillion Peterlee,625,2017-11-28 08:30,2017-11-28 12:30,National Speed Awareness Course,YES,National Speed Awareness Course,2,"NOTE ADDED: Oct  4 2017  8:37AM BY: Ellie Sumpton  Client Name: Mr Craig Kitching, Id: 65578 - transferred out of this course on to Course Id: 5674  ------------------------------------  ,NOTE ADDED: Oct  4 2017  8:37AM BY: Ellie Sumpton    ------------------------------------  "
5752,MB1156,2667001,634,24,TAD Centre,152,2017-11-28 08:30,2017-11-28 12:30,National Speed Awareness Course,YES,National Speed Awareness Course,2,"NOTE ADDED: Sep 26 2017  9:07AM BY: Joanne Coulter  Client Name: Mr Iain Buchanan, Id: 64779 - transferred into this course from course Id: 5618  ------------------------------------  ,NOTE ADDED: Sep 26 2017  9:07AM BY: Joanne Coulter    ------------------------------------  "
5704,CH197A,2666986,639,5,Chester-le-Street Cricket Club,624,2017-11-27 13:30,2017-11-27 17:30,National Speed Awareness Course,YES,National Speed Awareness Course,2,"NOTE ADDED: Oct  5 2017  9:52AM BY: Amanda Thomas  Client Name: Greg Bellas, Id: 65953 - transferred into this course from course Id: 5563  ------------------------------------  ,NOTE ADDED: Oct  5 2017  9:52AM BY: Amanda Thomas    ------------------------------------  "
5751,HP463A,2666995,634,4,Brierton Sports Centre,548,2017-11-27 13:30,2017-11-27 00:00,National Speed Awareness Course,YES,National Speed Awareness Course,2,NULL
5703,CH197,2666985,639,5,Chester-le-Street Cricket Club,624,2017-11-27 08:30,2017-11-27 12:30,National Speed Awareness Course,YES,National Speed Awareness Course,2,NULL
5750,HP463,2666994,634,4,Brierton Sports Centre,548,2017-11-27 08:30,2017-11-27 12:30,National Speed Awareness Course,YES,National Speed Awareness Course,2,NULL
5702,WDUDT36,2666984,NULL,16,Morrison Trust Darlington,626,2017-11-25 08:30,2017-11-25 11:45,What's Driving Us?,YES,What's Driving Us? Course,6,NULL
5749,MB1155,2666993,634,24,TAD Centre,152,2017-11-25 08:30,2017-11-25 12:30,National Speed Awareness Course,YES,National Speed Awareness Course,2,"NOTE ADDED: Sep 26 2017  9:10AM BY: Joanne Coulter  Client Name: Mr Arthur Franklin, Id: 64803 - transferred into this course from course Id: 5636  ------------------------------------  ,NOTE ADDED: Sep 26 2017  9:10AM BY: Joanne Coulter    ------------------------------------  ,NOTE ADDED: Oct  3 2017  1:18PM BY: LCrossman  Client Name: Mr David Walker, Id: 64256 - transferred into this course from course Id: 5572  ------------------------------------  ,NOTE ADDED: Oct  3 2017  1:18PM BY: LCrossman    ------------------------------------  ,NOTE ADDED: Oct  3 2017  2:45PM BY: LCrossman  Client Name: Mr Craig Armstrong, Id: 61634 - transferred into this course from course Id: 5495  ------------------------------------  ,NOTE ADDED: Oct  3 2017  2:45PM BY: LCrossman    ------------------------------------  "
5671,D4C80C,2666097,223,24,TAD Centre,152,2017-11-24 15:00,2017-11-24 17:15,Driving 4 Change,YES,Driving 4 Change Course,5,NULL
5671,D4C80C,2666097,636,24,TAD Centre,152,2017-11-24 15:00,2017-11-24 17:15,Driving 4 Change,YES,Driving 4 Change Course,5,NULL
5701,CH196A,2666983,639,5,Chester-le-Street Cricket Club,624,2017-11-24 13:30,2017-11-24 17:30,National Speed Awareness Course,YES,National Speed Awareness Course,2,"NOTE ADDED: Oct  6 2017  3:12PM BY: Ellie Sumpton  Client Name: Adam Boyd, Id: 64008 - transferred into this course from course Id: 5610  ------------------------------------  ,NOTE ADDED: Oct  6 2017  3:12PM BY: Ellie Sumpton    ------------------------------------  "
5746,ST700A,2666990,634,9,Durham Tees Valley Business Centre,709,2017-11-24 13:30,2017-11-24 17:30,National Speed Awareness Course,YES,National Speed Awareness Course,2,"NOTE ADDED: Oct  5 2017  8:41AM BY: Ellie Sumpton  Client Name: Ms Ashleigh Hedley, Id: 64949 - transferred into this course from course Id: 5732  ------------------------------------  ,NOTE ADDED: Oct  5 2017  8:41AM BY: Ellie Sumpton    ------------------------------------  "
5670,D4C80B,2666096,223,24,TAD Centre,152,2017-11-24 11:45,2017-11-24 14:00,Driving 4 Change,YES,Driving 4 Change Course,5,NULL
5670,D4C80B,2666096,636,24,TAD Centre,152,2017-11-24 11:45,2017-11-24 14:00,Driving 4 Change,YES,Driving 4 Change Course,5,NULL
5669,D4C80A,2666095,223,24,TAD Centre,152,2017-11-24 09:00,2017-11-24 11:15,Driving 4 Change,YES,Driving 4 Change Course,5,NULL
5669,D4C80A,2666095,636,24,TAD Centre,152,2017-11-24 09:00,2017-11-24 11:15,Driving 4 Change,YES,Driving 4 Change Course,5,NULL
5700,CH196,2666982,639,5,Chester-le-Street Cricket Club,624,2017-11-24 08:30,2017-11-24 12:30,National Speed Awareness Course,YES,National Speed Awareness Course,2,NULL
5745,ST700,2666989,634,9,Durham Tees Valley Business Centre,709,2017-11-24 08:30,2017-11-24 12:30,National Speed Awareness Course,YES,National Speed Awareness Course,2,NULL
5699,DC94A,2666981,639,18,Signature,708,2017-11-23 13:30,2017-11-23 17:30,National Speed Awareness Course,YES,National Speed Awareness Course,2,NULL
5744,ST699A,2666988,634,9,Durham Tees Valley Business Centre,709,2017-11-23 13:30,2017-11-23 17:30,National Speed Awareness Course,YES,National Speed Awareness Course,2,"NOTE ADDED: Sep 26 2017  1:18PM BY: Ellie Sumpton  Client Name: Dominic Knight, Id: 64233 - transferred into this course from course Id: 5589  ------------------------------------  ,NOTE ADDED: Sep 26 2017  1:18PM BY: Ellie Sumpton    ------------------------------------  "
5748,WDU55A,2666992,NULL,24,TAD Centre,152,2017-11-23 13:00,2017-11-23 16:15,What's Driving Us?,YES,What's Driving Us? Course,6,"NOTE ADDED: Oct  6 2017 12:48PM BY: LCrossman  Client Name: Darren Turnbull, Id: 65144 - transferred out of this course on to Course Id: 5604  ------------------------------------  ,NOTE ADDED: Oct  6 2017 12:48PM BY: LCrossman    ------------------------------------  "
5747,WDU55,2666991,NULL,24,TAD Centre,152,2017-11-23 09:00,2017-11-23 12:15,What's Driving Us?,YES,What's Driving Us? Course,6,"NOTE ADDED: Sep 25 2017 10:18AM BY: Ellie Sumpton  Client Name: Mrs Annette Jepson, Id: 64932 - transferred into this course from course Id: 5603  ------------------------------------  ,NOTE ADDED: Sep 25 2017 10:18AM BY: Ellie Sumpton    ------------------------------------  ,NOTE ADDED: Sep 27 2017  3:07PM BY: LCrossman  Client Name: Nadeem Asif, Id: 64416 - transferred into this course from course Id: 5604  ------------------------------------  ,NOTE ADDED: Sep 27 2017  3:07PM BY: LCrossman    ------------------------------------  ,NOTE ADDED: Oct  6 2017  1:31PM BY: Amanda Thomas  Client Name: Thomas Heath, Id: 64239 - transferred into this course from course Id: 5603  ------------------------------------  ,NOTE ADDED: Oct  6 2017  1:31PM BY: Amanda Thomas    ------------------------------------  "
5698,DC94,2666980,639,18,Signature,708,2017-11-23 08:30,2017-11-23 12:30,National Speed Awareness Course,YES,National Speed Awareness Course,2,NULL
5743,ST699,2666979,634,9,Durham Tees Valley Business Centre,709,2017-11-23 08:30,2017-11-23 12:30,National Speed Awareness Course,YES,National Speed Awareness Course,2,"NOTE ADDED: Sep 27 2017  8:18AM BY: Joanne Coulter  Client Name: Natasha Plews, Id: 64633 - transferred into this course from course Id: 5622  ------------------------------------  ,NOTE ADDED: Sep 27 2017  8:18AM BY: Joanne Coulter    ------------------------------------  "
5742,HP462E,2666978,634,4,Brierton Sports Centre,548,2017-11-22 17:00,2017-11-22 21:00,National Speed Awareness Course,YES,National Speed Awareness Course,2,"NOTE ADDED: Sep 25 2017  8:26AM BY: LCrossman  Client Name: Vivienne Roundsmith, Id: 63409 - transferred into this course from course Id: 5598  ------------------------------------  ,NOTE ADDED: Sep 25 2017  8:26AM BY: LCrossman    ------------------------------------  ,NOTE ADDED: Sep 26 2017  3:27PM BY: LCrossman  Client Name: Ian Johnson, Id: 64817 - transferred into this course from course Id: 5644  ------------------------------------  ,NOTE ADDED: Sep 26 2017  3:27PM BY: LCrossman    ------------------------------------  ,NOTE ADDED: Sep 27 2017  9:27AM BY: Ellie Sumpton  Client Name: Ms Ayesha Nash, Id: 64021 - transferred into this course from course Id: 5484  ------------------------------------  ,NOTE ADDED: Sep 27 2017  9:27AM BY: Ellie Sumpton    ------------------------------------  ,NOTE ADDED: Sep 27 2017 12:40PM BY: Amanda Thomas  Client Name: Alison Lodge, Id: 63898 - transferred into this course from course Id: 5642  ------------------------------------  ,NOTE ADDED: Sep 27 2017 12:40PM BY: Amanda Thomas    ------------------------------------  ,NOTE ADDED: Sep 29 2017  9:26AM BY: LCrossman  Client Name: Sarah Austick, Id: 64943 - transferred into this course from course Id: 5615  ------------------------------------  ,NOTE ADDED: Sep 29 2017  9:26AM BY: LCrossman    ------------------------------------  ,NOTE ADDED: Oct  4 2017  3:36PM BY: LCrossman  Client Name: Miss Emma Deighan, Id: 65999 - transferred into this course from course Id: 5726  ------------------------------------  ,NOTE ADDED: Oct  4 2017  3:36PM BY: LCrossman    ------------------------------------  "
5697,DT151A,2666974,639,16,Morrison Trust Darlington,626,2017-11-22 13:30,2017-11-22 17:30,National Speed Awareness Course,YES,National Speed Awareness Course,2,NULL
5741,MB1154A,2666977,634,24,TAD Centre,152,2017-11-22 13:30,2017-11-22 17:30,National Speed Awareness Course,YES,National Speed Awareness Course,2,NULL
5696,DT151,2666973,639,16,Morrison Trust Darlington,626,2017-11-22 08:30,2017-11-22 12:30,National Speed Awareness Course,YES,National Speed Awareness Course,2,NULL
5740,MB1154,2666976,634,24,TAD Centre,152,2017-11-22 08:30,2017-11-22 12:30,National Speed Awareness Course,YES,National Speed Awareness Course,2,"NOTE ADDED: Oct  4 2017  1:32PM BY: LCrossman  Client Name: Mr Jack McSorley, Id: 66030 - transferred out of this course on to Course Id: 5728  ------------------------------------  ,NOTE ADDED: Oct  4 2017  1:32PM BY: LCrossman    ------------------------------------  "
5767,PL103E,2667865,639,27,The Pavillion Peterlee,625,2017-11-21 17:00,2017-11-21 21:00,National Speed Awareness Course,YES,National Speed Awareness Course,2,NULL
5695,GH40A,2666972,639,26,The Greenhouse,672,2017-11-21 13:30,2017-11-21 17:30,National Speed Awareness Course,YES,National Speed Awareness Course,2,NULL
5694,GH40,2666971,639,26,The Greenhouse,672,2017-11-21 08:30,2017-11-21 12:30,National Speed Awareness Course,YES,National Speed Awareness Course,2,"NOTE ADDED: Sep 26 2017 10:55AM BY: Joanne Coulter  Client Name: Mr Damian KIFF, Id: 63378 - transferred into this course from course Id: 5612  ------------------------------------  ,NOTE ADDED: Sep 26 2017 10:55AM BY: Joanne Coulter    ------------------------------------  "
5739,MB1153E,2666975,634,24,TAD Centre,152,2017-11-20 17:00,2017-11-20 21:00,National Speed Awareness Course,YES,National Speed Awareness Course,2,"NOTE ADDED: Sep 26 2017  9:32AM BY: Ellie Sumpton  Client Name: Mr John Neeson, Id: 60375 - transferred into this course from course Id: 5509  ------------------------------------  ,NOTE ADDED: Sep 26 2017  9:32AM BY: Ellie Sumpton    ------------------------------------  ,NOTE ADDED: Sep 29 2017 12:56PM BY: Temp3 Temp3  Client Name: Julie Harris, Id: 62605 - transferred into this course from course Id: 5589  ------------------------------------  ,NOTE ADDED: Sep 29 2017 12:56PM BY: Temp3 Temp3    ------------------------------------  "
5738,HP461A,2666970,634,4,Brierton Sports Centre,548,2017-11-20 13:30,2017-11-20 17:30,National Speed Awareness Course,YES,National Speed Awareness Course,2,NULL
5693,WDUCH37A,2666959,640,5,Chester-le-Street Cricket Club,624,2017-11-20 13:00,2017-11-20 16:15,What's Driving Us?,YES,What's Driving Us? Course,6,"NOTE ADDED: Sep 29 2017  9:19AM BY: Ellie Sumpton  Client Name: KATIE FOSTER, Id: 59001 - transferred into this course from course Id: 5648  ------------------------------------  ,NOTE ADDED: Sep 29 2017  9:19AM BY: Ellie Sumpton    ------------------------------------  "
5692,WDUCH37,2666958,640,5,Chester-le-Street Cricket Club,624,2017-11-20 09:00,2017-11-20 12:15,What's Driving Us?,YES,What's Driving Us? Course,6,NULL
5737,HP461,2666969,634,4,Brierton Sports Centre,548,2017-11-20 08:30,2017-11-20 12:30,National Speed Awareness Course,YES,National Speed Awareness Course,2,"NOTE ADDED: Oct  5 2017  2:05PM BY: Amanda Thomas  Client Name: Mr Stephen Mcconell, Id: 65467 - transferred into this course from course Id: 5725  ------------------------------------  ,NOTE ADDED: Oct  5 2017  2:05PM BY: Amanda Thomas    ------------------------------------  "
5691,DT150,2666957,639,16,Morrison Trust Darlington,626,2017-11-18 08:30,2017-11-18 12:30,National Speed Awareness Course,YES,National Speed Awareness Course,2,"NOTE ADDED: Sep 27 2017  8:42AM BY: Joanne Coulter  Client Name: Christopher Kerr, Id: 64397 - transferred into this course from course Id: 5678  ------------------------------------  ,NOTE ADDED: Sep 27 2017  8:42AM BY: Joanne Coulter    ------------------------------------  ,NOTE ADDED: Sep 29 2017  9:17AM BY: Ellie Sumpton  Client Name: Helen Watson, Id: 61155 - transferred into this course from course Id: 5617  ------------------------------------  ,NOTE ADDED: Sep 29 2017  9:17AM BY: Ellie Sumpton    ------------------------------------  ,NOTE ADDED: Oct  2 2017  8:58AM BY: Justin Goult  Client Name: Mr Kenneth Whitley, Id: 60941 - transferred into this course from course Id: 5628  ------------------------------------  ,NOTE ADDED: Oct  2 2017  8:58AM BY: Justin Goult    ------------------------------------  ,NOTE ADDED: Oct  2 2017  9:28AM BY: Sam Foster  Client Name: Mr Adam Hanlon, Id: 58787 - transferred into this course from course Id: 5673  ------------------------------------  ,NOTE ADDED: Oct  2 2017  9:28AM BY: Sam Foster    ------------------------------------  ,NOTE ADDED: Oct  2 2017 10:09AM BY: Amanda Thomas  Client Name: Mary Prudhoe, Id: 65383 - transferred into this course from course Id: 5627  ------------------------------------  ,NOTE ADDED: Oct  2 2017 10:09AM BY: Amanda Thomas    ------------------------------------  "
5736,MB1152,2666968,634,24,TAD Centre,152,2017-11-18 08:30,2017-11-18 12:30,National Speed Awareness Course,YES,National Speed Awareness Course,2,"NOTE ADDED: Sep 25 2017  8:15AM BY: Ellie Sumpton  Client Name: Mr Amir Mahmood, Id: 64427 - transferred into this course from course Id: 5573  ------------------------------------  ,NOTE ADDED: Sep 25 2017  8:15AM BY: Ellie Sumpton    ------------------------------------  ,NOTE ADDED: Sep 26 2017  8:13AM BY: Joanne Coulter  Client Name: Mr Steven Cook, Id: 64153 - transferred into this course from course Id: 5576  ------------------------------------  ,NOTE ADDED: Sep 26 2017  8:13AM BY: Joanne Coulter    ------------------------------------  ,NOTE ADDED: Sep 27 2017 11:38AM BY: Ellie Sumpton  Client Name: Ms Debbie Bourne, Id: 65353 - transferred into this course from course Id: 5724  ------------------------------------  ,NOTE ADDED: Sep 27 2017 11:38AM BY: Ellie Sumpton    ------------------------------------  ,NOTE ADDED: Sep 29 2017  9:24AM BY: Ellie Sumpton  Client Name: Ms Susan Fenwick, Id: 64103 - transferred into this course from course Id: 5577  ------------------------------------  ,NOTE ADDED: Sep 29 2017  9:24AM BY: Ellie Sumpton    ------------------------------------  ,NOTE ADDED: Oct  3 2017 10:18AM BY: Amanda Thomas  Client Name: Mrs Maria-Luisa Davison, Id: 62575 - transferred into this course from course Id: 5560  ------------------------------------  ,NOTE ADDED: Oct  3 2017 10:18AM BY: Amanda Thomas    ------------------------------------  "
5735,ST698A,2666967,634,9,Durham Tees Valley Business Centre,709,2017-11-17 13:30,2017-11-17 17:30,National Speed Awareness Course,YES,National Speed Awareness Course,2,NULL
5734,ST698,2666966,634,9,Durham Tees Valley Business Centre,709,2017-11-17 08:30,2017-11-17 12:30,National Speed Awareness Course,YES,National Speed Awareness Course,2,"NOTE ADDED: Oct  3 2017  8:35AM BY: LCrossman  Client Name: Ms Patrica Penn, Id: 64763 - transferred out of this course on to Course Id: 5721  ------------------------------------  ,NOTE ADDED: Oct  3 2017  8:35AM BY: LCrossman    ------------------------------------  "
5766,DT149E,2667864,639,16,Morrison Trust Darlington,626,2017-11-16 17:00,2017-11-16 21:00,National Speed Awareness Course,YES,National Speed Awareness Course,2,"NOTE ADDED: Oct  5 2017  8:26AM BY: Amanda Thomas  Client Name: Mr EDWARD MCLAFFERTY, Id: 62820 - transferred into this course from course Id: 5578  ------------------------------------  ,NOTE ADDED: Oct  5 2017  8:26AM BY: Amanda Thomas    ------------------------------------  "
5690,DC93A,2666956,639,18,Signature,708,2017-11-16 13:30,2017-11-16 17:30,National Speed Awareness Course,YES,National Speed Awareness Course,2,NULL
5733,ST697A,2666965,634,9,Durham Tees Valley Business Centre,709,2017-11-16 13:30,2017-11-16 17:30,National Speed Awareness Course,YES,National Speed Awareness Course,2,NULL
5689,DC93,2666955,639,18,Signature,708,2017-11-16 08:30,2017-11-16 12:30,National Speed Awareness Course,YES,National Speed Awareness Course,2,"NOTE ADDED: Oct  5 2017 10:16AM BY: Ellie Sumpton  Client Name: Calum Taylor, Id: 64703 - transferred into this course from course Id: 5636  ------------------------------------  ,NOTE ADDED: Oct  5 2017 10:16AM BY: Ellie Sumpton    ------------------------------------  "
5732,ST697,2666964,634,9,Durham Tees Valley Business Centre,709,2017-11-16 08:30,2017-11-16 12:30,National Speed Awareness Course,YES,National Speed Awareness Course,2,"NOTE ADDED: Oct  5 2017  8:41AM BY: Ellie Sumpton  Client Name: Ms Ashleigh Hedley, Id: 64949 - transferred out of this course on to Course Id: 5746  ------------------------------------  ,NOTE ADDED: Oct  5 2017  8:41AM BY: Ellie Sumpton    ------------------------------------  "
5731,MB1151A,2666963,634,24,TAD Centre,152,2017-11-15 13:30,2017-11-15 17:30,National Speed Awareness Course,YES,National Speed Awareness Course,2,"NOTE ADDED: Sep 29 2017  9:25AM BY: Ellie Sumpton  Client Name: Helen Di Salvo, Id: 64695 - transferred into this course from course Id: 5641  ------------------------------------  ,NOTE ADDED: Sep 29 2017  9:25AM BY: Ellie Sumpton    ------------------------------------  "
5730,MB1151,2666962,634,24,TAD Centre,152,2017-11-15 08:30,2017-11-15 12:30,National Speed Awareness Course,YES,National Speed Awareness Course,2,NULL
5759,ST696E,2667008,634,9,Durham Tees Valley Business Centre,709,2017-11-14 16:45,2017-11-14 20:45,National Speed Awareness Course,YES,National Speed Awareness Course,2,"NOTE ADDED: Sep 25 2017  8:29AM BY: LCrossman  Client Name: Mrs Carol Boland, Id: 64835 - transferred into this course from course Id: 5636  ------------------------------------  ,NOTE ADDED: Sep 25 2017  8:29AM BY: LCrossman    ------------------------------------  ,NOTE ADDED: Sep 25 2017 10:25AM BY: Ellie Sumpton  Client Name: Mrs Jill Harrison, Id: 61569 - transferred into this course from course Id: 5509  ------------------------------------  ,NOTE ADDED: Sep 25 2017 10:25AM BY: Ellie Sumpton    ------------------------------------  ,NOTE ADDED: Sep 25 2017  2:51PM BY: LCrossman  Client Name: Saira Trenholm, Id: 64792 - transferred into this course from course Id: 5637  ------------------------------------  ,NOTE ADDED: Sep 25 2017  2:51PM BY: LCrossman    ------------------------------------  ,NOTE ADDED: Oct  3 2017  9:30AM BY: Joanne Coulter  Client Name: Mr Garth Parker, Id: 64443 - transferred into this course from course Id: 5589  ------------------------------------  ,NOTE ADDED: Oct  3 2017  9:30AM BY: Joanne Coulter    ------------------------------------  ,NOTE ADDED: Oct  4 2017  3:47PM BY: Ellie Sumpton  Client Name: Mrs Jill Harrison, Id: 61569 - transferred out of this course on to Course Id: 5757  ------------------------------------  ,NOTE ADDED: Oct  4 2017  3:47PM BY: Ellie Sumpton    ------------------------------------  ,NOTE ADDED: Oct  6 2017  9:45AM BY: LCrossman  Client Name: Mr Jorden McCord, Id: 63438 - transferred into this course from course Id: 5595  ------------------------------------  ,NOTE ADDED: Oct  6 2017  9:45AM BY: LCrossman    ------------------------------------  "
5688,PL102A,2666954,639,27,The Pavillion Peterlee,625,2017-11-14 13:30,2017-11-14 17:30,National Speed Awareness Course,YES,National Speed Awareness Course,2,"NOTE ADDED: Sep 27 2017  1:26PM BY: LCrossman  Client Name: NORMAN, Id: 61743 - transferred into this course from course Id: 5525  ------------------------------------  ,NOTE ADDED: Sep 27 2017  1:26PM BY: LCrossman    ------------------------------------  ,NOTE ADDED: Sep 28 2017 11:49AM BY: Joanne Coulter  Client Name: Mary Elliot, Id: 61506 - transferred into this course from course Id: 5602  ------------------------------------  ,NOTE ADDED: Sep 28 2017 11:49AM BY: Joanne Coulter    ------------------------------------  ,NOTE ADDED: Oct  6 2017  8:54AM BY: Ellie Sumpton  Client Name: Miss Amy Bulmer, Id: 64238 - transferred into this course from course Id: 5653  ------------------------------------  ,NOTE ADDED: Oct  6 2017  8:54AM BY: Ellie Sumpton    ------------------------------------  ,NOTE ADDED: Oct  6 2017  1:24PM BY: Sam Foster  Client Name: Christopher Walton, Id: 63546 - transferred into this course from course Id: 5653  ------------------------------------  ,NOTE ADDED: Oct  6 2017  1:24PM BY: Sam Foster    ------------------------------------  "
5729,MB1150A,2666961,634,24,TAD Centre,152,2017-11-14 13:30,2017-11-14 17:30,National Speed Awareness Course,YES,National Speed Awareness Course,2,"NOTE ADDED: Sep 25 2017  9:52AM BY: Ellie Sumpton  Client Name: Ms Emma Tomlinson, Id: 61984 - transferred into this course from course Id: 5619  ------------------------------------  ,NOTE ADDED: Sep 25 2017  9:52AM BY: Ellie Sumpton    ------------------------------------  ,NOTE ADDED: Sep 29 2017 10:29AM BY: Amanda Thomas  Client Name: Sadiq Alormasor, Id: 63374 - transferred into this course from course Id: 5577  ------------------------------------  ,NOTE ADDED: Sep 29 2017 10:29AM BY: Amanda Thomas    ------------------------------------  ,NOTE ADDED: Oct  4 2017  2:23PM BY: Amanda Thomas  Client Name: Mr Michael Fowler, Id: 64567 - transferred into this course from course Id: 5716  ------------------------------------  ,NOTE ADDED: Oct  4 2017  2:23PM BY: Amanda Thomas    ------------------------------------  "
5687,PL102,2666953,639,27,The Pavillion Peterlee,625,2017-11-14 08:30,2017-11-14 12:30,National Speed Awareness Course,YES,National Speed Awareness Course,2,"NOTE ADDED: Sep 27 2017  4:02PM BY: Temp3 Temp3  Client Name: Alan Dean, Id: 61873 - transferred into this course from course Id: 5644  ------------------------------------  ,NOTE ADDED: Sep 27 2017  4:02PM BY: Temp3 Temp3    ------------------------------------  "
5728,MB1150,2666960,634,24,TAD Centre,152,2017-11-14 08:30,2017-11-14 12:30,National Speed Awareness Course,YES,National Speed Awareness Course,2,"NOTE ADDED: Sep 25 2017  8:17AM BY: Ellie Sumpton  Client Name: Mr Ian Moylan, Id: 64463 - transferred into this course from course Id: 5576  ------------------------------------  ,NOTE ADDED: Sep 25 2017  8:17AM BY: Ellie Sumpton    ------------------------------------  ,NOTE ADDED: Sep 28 2017 10:07AM BY: Joanne Coulter  Client Name: Mr Ansab Shan, Id: 64952 - transferred out of this course on to Course Id: 5724  ------------------------------------  ,NOTE ADDED: Sep 28 2017 10:07AM BY: Joanne Coulter    ------------------------------------  ,NOTE ADDED: Sep 28 2017 12:19PM BY: Amanda Thomas  Client Name: Glen Johnson, Id: 62109 - transferred into this course from course Id: 5494  ------------------------------------  ,NOTE ADDED: Sep 28 2017 12:19PM BY: Amanda Thomas    ------------------------------------  ,NOTE ADDED: Oct  4 2017  1:32PM BY: LCrossman  Client Name: Mr Jack McSorley, Id: 66030 - transferred into this course from course Id: 5740  ------------------------------------  ,NOTE ADDED: Oct  4 2017  1:32PM BY: LCrossman    ------------------------------------  "
5727,MB1149E,2667859,634,24,TAD Centre,152,2017-11-13 17:00,2017-11-13 21:00,National Speed Awareness Course,YES,National Speed Awareness Course,2,"NOTE ADDED: Oct  3 2017  3:46PM BY: LCrossman  Client Name: Mr Ray BALL, Id: 63235 - transferred into this course from course Id: 5564  ------------------------------------  ,NOTE ADDED: Oct  3 2017  3:46PM BY: LCrossman    ------------------------------------  "
5686,CH195A,2666950,639,5,Chester-le-Street Cricket Club,624,2017-11-13 13:30,2017-11-13 17:30,National Speed Awareness Course,YES,National Speed Awareness Course,2,NULL
5726,HP460A,2666952,634,4,Brierton Sports Centre,548,2017-11-13 13:30,2017-11-13 17:30,National Speed Awareness Course,YES,National Speed Awareness Course,2,"NOTE ADDED: Sep 26 2017  8:49AM BY: Joanne Coulter  Client Name: Mr Russell Glass, Id: 64641 - transferred into this course from course Id: 5637  ------------------------------------  ,NOTE ADDED: Sep 26 2017  8:49AM BY: Joanne Coulter    ------------------------------------  ,NOTE ADDED: Sep 29 2017 12:31PM BY: Ellie Sumpton  Client Name: Miss Sarah Gavillet, Id: 61347 - transferred into this course from course Id: 5715  ------------------------------------  ,NOTE ADDED: Sep 29 2017 12:31PM BY: Ellie Sumpton    ------------------------------------  ,NOTE ADDED: Oct  4 2017  3:36PM BY: LCrossman  Client Name: Miss Emma Deighan, Id: 65999 - transferred out of this course on to Course Id: 5742  ------------------------------------  ,NOTE ADDED: Oct  4 2017  3:36PM BY: LCrossman    ------------------------------------  ,NOTE ADDED: Oct  5 2017  3:54PM BY: LCrossman  Client Name: SARAH KELSEY, Id: 62929 - transferred into this course from course Id: 5597  ------------------------------------  ,NOTE ADDED: Oct  5 2017  3:54PM BY: LCrossman    ------------------------------------  "
5685,CH195,2666949,639,5,Chester-le-Street Cricket Club,624,2017-11-13 08:30,2017-11-13 12:30,National Speed Awareness Course,YES,National Speed Awareness Course,2,NULL
5725,HP460,2666951,634,4,Brierton Sports Centre,548,2017-11-13 08:30,2017-11-13 12:30,National Speed Awareness Course,YES,National Speed Awareness Course,2,"NOTE ADDED: Sep 26 2017  9:08AM BY: Joanne Coulter  Client Name: Mr Marc Pardue, Id: 64787 - transferred into this course from course Id: 5637  ------------------------------------  ,NOTE ADDED: Sep 26 2017  9:08AM BY: Joanne Coulter    ------------------------------------  ,NOTE ADDED: Oct  3 2017 12:14PM BY: LCrossman  Client Name: Naomi SMALLMAN, Id: 64101 - transferred into this course from course Id: 5684  ------------------------------------  ,NOTE ADDED: Oct  3 2017 12:14PM BY: LCrossman    ------------------------------------  ,NOTE ADDED: Oct  5 2017  2:05PM BY: Amanda Thomas  Client Name: Mr Stephen Mcconell, Id: 65467 - transferred out of this course on to Course Id: 5737  ------------------------------------  ,NOTE ADDED: Oct  5 2017  2:05PM BY: Amanda Thomas    ------------------------------------  "
5684,CH194,2666938,639,5,Chester-le-Street Cricket Club,624,2017-11-11 08:30,2017-11-11 12:30,National Speed Awareness Course,YES,National Speed Awareness Course,2,"NOTE ADDED: Sep 25 2017 10:17AM BY: Ellie Sumpton  Client Name: Mr Simon Liddell, Id: 64931 - transferred into this course from course Id: 5619  ------------------------------------  ,NOTE ADDED: Sep 25 2017 10:17AM BY: Ellie Sumpton    ------------------------------------  ,NOTE ADDED: Sep 26 2017  8:51AM BY: Joanne Coulter  Client Name: Ms Kirsty Brough, Id: 64771 - transferred into this course from course Id: 5637  ------------------------------------  ,NOTE ADDED: Sep 26 2017  8:51AM BY: Joanne Coulter    ------------------------------------  ,NOTE ADDED: Sep 26 2017  9:02AM BY: LCrossman  Client Name: Mrs Janet Walach, Id: 56372 - transferred into this course from course Id: 5534  ------------------------------------  ,NOTE ADDED: Sep 26 2017  9:02AM BY: LCrossman    ------------------------------------  ,NOTE ADDED: Sep 29 2017  2:26PM BY: Sam Foster  Client Name: Naomi SMALLMAN, Id: 64101 - transferred into this course from course Id: 5587  ------------------------------------  ,NOTE ADDED: Sep 29 2017  2:26PM BY: Sam Foster    ------------------------------------  ,NOTE ADDED: Oct  3 2017 12:14PM BY: LCrossman  Client Name: Naomi SMALLMAN, Id: 64101 - transferred out of this course on to Course Id: 5725  ------------------------------------  ,NOTE ADDED: Oct  3 2017 12:14PM BY: LCrossman    ------------------------------------  "
5724,MB1148,2666948,634,24,TAD Centre,152,2017-11-11 08:30,2017-11-11 12:30,National Speed Awareness Course,YES,National Speed Awareness Course,2,"NOTE ADDED: Sep 25 2017  8:13AM BY: Ellie Sumpton  Client Name: Mr Richard Mcrobbie, Id: 64406 - transferred into this course from course Id: 5577  ------------------------------------  ,NOTE ADDED: Sep 25 2017  8:13AM BY: Ellie Sumpton    ------------------------------------  ,NOTE ADDED: Sep 27 2017 11:38AM BY: Ellie Sumpton  Client Name: Ms Debbie Bourne, Id: 65353 - transferred out of this course on to Course Id: 5736  ------------------------------------  ,NOTE ADDED: Sep 27 2017 11:38AM BY: Ellie Sumpton    ------------------------------------  ,NOTE ADDED: Sep 28 2017 10:07AM BY: Joanne Coulter  Client Name: Mr Ansab Shan, Id: 64952 - transferred into this course from course Id: 5728  ------------------------------------  ,NOTE ADDED: Sep 28 2017 10:07AM BY: Joanne Coulter    ------------------------------------  ,NOTE ADDED: Oct  2 2017  8:42AM BY: Justin Goult  Client Name: Andrew Pinchbeck, Id: 63929 - transferred into this course from course Id: 5495  ------------------------------------  ,NOTE ADDED: Oct  2 2017  8:42AM BY: Justin Goult    ------------------------------------  "
5665,D4CCH20C,2666091,223,5,Chester-le-Street Cricket Club,624,2017-11-10 15:00,2017-11-10 17:15,Driving 4 Change,YES,Driving 4 Change Course,5,NULL
5665,D4CCH20C,2666091,641,5,Chester-le-Street Cricket Club,624,2017-11-10 15:00,2017-11-10 17:15,Driving 4 Change,YES,Driving 4 Change Course,5,NULL
5683,CH193A,2666937,639,5,Chester-le-Street Cricket Club,624,2017-11-10 13:30,2017-11-10 17:30,National Speed Awareness Course,YES,National Speed Awareness Course,2,NULL
5723,ST695A,2666947,634,9,Durham Tees Valley Business Centre,709,2017-11-10 13:30,2017-11-10 17:30,National Speed Awareness Course,YES,National Speed Awareness Course,2,"NOTE ADDED: Sep 25 2017 12:32PM BY: LCrossman  Client Name: Mrs Victoria Holloway, Id: 65003 - transferred out of this course on to Course Id: 5722  ------------------------------------  ,NOTE ADDED: Sep 25 2017 12:32PM BY: LCrossman    ------------------------------------  ,NOTE ADDED: Sep 26 2017  8:26AM BY: Joanne Coulter  Client Name: Mr ROBERT NADEN, Id: 63720 - transferred into this course from course Id: 5586  ------------------------------------  ,NOTE ADDED: Sep 26 2017  8:26AM BY: Joanne Coulter    ------------------------------------  "
5664,D4CCH20B,2666090,223,5,Chester-le-Street Cricket Club,624,2017-11-10 11:45,2017-11-10 14:00,Driving 4 Change,YES,Driving 4 Change Course,5,NULL
5664,D4CCH20B,2666090,641,5,Chester-le-Street Cricket Club,624,2017-11-10 11:45,2017-11-10 14:00,Driving 4 Change,YES,Driving 4 Change Course,5,NULL
5663,D4CCH20A,2666089,223,5,Chester-le-Street Cricket Club,624,2017-11-10 09:00,2017-11-10 11:15,Driving 4 Change,YES,Driving 4 Change Course,5,NULL
5663,D4CCH20A,2666089,641,5,Chester-le-Street Cricket Club,624,2017-11-10 09:00,2017-11-10 11:15,Driving 4 Change,YES,Driving 4 Change Course,5,NULL
5682,CH193,2666936,639,5,Chester-le-Street Cricket Club,624,2017-11-10 08:30,2017-11-10 12:30,National Speed Awareness Course,YES,National Speed Awareness Course,2,NULL
5722,ST695,2666946,634,9,Durham Tees Valley Business Centre,709,2017-11-10 08:30,2017-11-10 12:30,National Speed Awareness Course,YES,National Speed Awareness Course,2,"NOTE ADDED: Sep 25 2017 12:32PM BY: LCrossman  Client Name: Mrs Victoria Holloway, Id: 65003 - transferred into this course from course Id: 5723  ------------------------------------  ,NOTE ADDED: Sep 25 2017 12:32PM BY: LCrossman    ------------------------------------  ,NOTE ADDED: Sep 26 2017  8:22AM BY: Joanne Coulter  Client Name: Hamid Rauf, Id: 64503 - transferred into this course from course Id: 5618  ------------------------------------  ,NOTE ADDED: Sep 26 2017  8:22AM BY: Joanne Coulter    ------------------------------------  ,NOTE ADDED: Sep 26 2017 10:35AM BY: LCrossman  Client Name: Raymond, Id: 62615 - transferred into this course from course Id: 5711  ------------------------------------  ,NOTE ADDED: Sep 26 2017 10:35AM BY: LCrossman    ------------------------------------  ,NOTE ADDED: Oct  2 2017 10:06AM BY: Sam Foster  Client Name: Alastair Stent, Id: 62743 - transferred into this course from course Id: 5578  ------------------------------------  ,NOTE ADDED: Oct  2 2017 10:06AM BY: Sam Foster    ------------------------------------  ,NOTE ADDED: Oct  3 2017  8:18AM BY: Ellie Sumpton  Client Name: Tonya Teasdale, Id: 62261 - transferred into this course from course Id: 5580  ------------------------------------  ,NOTE ADDED: Oct  3 2017  8:18AM BY: Ellie Sumpton    ------------------------------------  ,NOTE ADDED: Oct  5 2017  1:22PM BY: Amanda Thomas  Client Name: Julie Collier, Id: 62507 - transferred into this course from course Id: 5585  ------------------------------------  ,NOTE ADDED: Oct  5 2017  1:22PM BY: Amanda Thomas    ------------------------------------  "
5681,DC92A,2666935,639,18,Signature,708,2017-11-09 13:30,2017-11-09 17:30,National Speed Awareness Course,YES,National Speed Awareness Course,2,"NOTE ADDED: Sep 26 2017  2:40PM BY: LCrossman  Client Name: Malcolm Peter Michiles, Id: 65288 - transferred into this course from course Id: 5633  ------------------------------------  ,NOTE ADDED: Sep 26 2017  2:40PM BY: LCrossman    ------------------------------------  ,NOTE ADDED: Oct  2 2017 11:02AM BY: LCrossman  Client Name: Stephen Keelie, Id: 65801 - transferred into this course from course Id: 5637  ------------------------------------  ,NOTE ADDED: Oct  2 2017 11:02AM BY: LCrossman    ------------------------------------  ,NOTE ADDED: Oct  4 2017 10:29AM BY: Joanne Coulter  Client Name: Mr G aTONKS, Id: 63840 - transferred into this course from course Id: 5630  ------------------------------------  ,NOTE ADDED: Oct  4 2017 10:29AM BY: Joanne Coulter    ------------------------------------  ,NOTE ADDED: Oct  4 2017  1:26PM BY: Temp3 Temp3  Client Name: Ben Hennon, Id: 63594 - transferred into this course from course Id: 5631  ------------------------------------  ,NOTE ADDED: Oct  4 2017  1:26PM BY: Temp3 Temp3    ------------------------------------  "
5721,ST694A,2666945,634,9,Durham Tees Valley Business Centre,709,2017-11-09 13:30,2017-11-09 17:30,National Speed Awareness Course,YES,National Speed Awareness Course,2,"NOTE ADDED: Sep 25 2017  1:18PM BY: Ellie Sumpton  Client Name: Mr Jeremy REVIL, Id: 61798 - transferred into this course from course Id: 5617  ------------------------------------  ,NOTE ADDED: Sep 25 2017  1:18PM BY: Ellie Sumpton    ------------------------------------  ,NOTE ADDED: Oct  3 2017  8:35AM BY: LCrossman  Client Name: Ms Patrica Penn, Id: 64763 - transferred into this course from course Id: 5734  ------------------------------------  ,NOTE ADDED: Oct  3 2017  8:35AM BY: LCrossman    ------------------------------------  ,NOTE ADDED: Oct  5 2017  1:08PM BY: Ellie Sumpton  Client Name: Mrs Terri Harris, Id: 64465 - transferred into this course from course Id: 5594  ------------------------------------  ,NOTE ADDED: Oct  5 2017  1:08PM BY: Ellie Sumpton    ------------------------------------  "
5680,DC92,2666934,639,18,Signature,708,2017-11-09 08:30,2017-11-09 12:30,National Speed Awareness Course,YES,National Speed Awareness Course,2,"NOTE ADDED: Sep 29 2017  8:04AM BY: LCrossman  Client Name: Hilary Sperring, Id: 64892 - transferred into this course from course Id: 5636  ------------------------------------  ,NOTE ADDED: Sep 29 2017  8:04AM BY: LCrossman    ------------------------------------  ,NOTE ADDED: Oct  4 2017  9:31AM BY: Joanne Coulter  Client Name: Mr Albert Graham Nelson, Id: 64475 - transferred into this course from course Id: 5578  ------------------------------------  ,NOTE ADDED: Oct  4 2017  9:31AM BY: Joanne Coulter    ------------------------------------  ,NOTE ADDED: Oct  4 2017 11:50AM BY: Joanne Coulter  Client Name: Emma Scarr, Id: 63427 - transferred into this course from course Id: 5631  ------------------------------------  ,NOTE ADDED: Oct  4 2017 11:50AM BY: Joanne Coulter    ------------------------------------  ,NOTE ADDED: Oct  5 2017  8:25AM BY: LCrossman  Client Name: Mr David Newby, Id: 66048 - transferred into this course from course Id: 5653  ------------------------------------  ,NOTE ADDED: Oct  5 2017  8:25AM BY: LCrossman    ------------------------------------  ,NOTE ADDED: Oct  6 2017  3:07PM BY: Ellie Sumpton  Client Name: Michael Rochford, Id: 63343 - transferred into this course from course Id: 5630  ------------------------------------  ,NOTE ADDED: Oct  6 2017  3:07PM BY: Ellie Sumpton    ------------------------------------  "
5720,ST694,2666944,634,9,Durham Tees Valley Business Centre,709,2017-11-09 08:30,2017-11-09 12:30,National Speed Awareness Course,YES,National Speed Awareness Course,2,"NOTE ADDED: Sep 26 2017  9:14AM BY: Joanne Coulter  Client Name: Ms Natalie York, Id: 64645 - transferred into this course from course Id: 5618  ------------------------------------  ,NOTE ADDED: Sep 26 2017  9:14AM BY: Joanne Coulter    ------------------------------------  ,NOTE ADDED: Oct  3 2017  1:41PM BY: Amanda Thomas  Client Name: Mr Simon Bowker, Id: 65941 - transferred out of this course on to Course Id: 5672  ------------------------------------  ,NOTE ADDED: Oct  3 2017  1:41PM BY: Amanda Thomas    ------------------------------------  ,NOTE ADDED: Oct  5 2017  1:13PM BY: Amanda Thomas  Client Name: Mr Atiqul RAZAQ, Id: 63237 - transferred into this course from course Id: 5564  ------------------------------------  ,NOTE ADDED: Oct  5 2017  1:13PM BY: Amanda Thomas    ------------------------------------  "
5668,D4C79C,2666094,223,24,TAD Centre,152,2017-11-08 15:00,2017-11-08 17:15,Driving 4 Change,YES,Driving 4 Change Course,5,"NOTE ADDED: Sep 20 2017 12:42PM BY: Justin Goult  Client Name: Mr Michael Ballott, Id: 61283 - transferred into this course from course Id: 5556  ------------------------------------  ,NOTE ADDED: Sep 20 2017 12:42PM BY: Justin Goult    ------------------------------------  "
5668,D4C79C,2666094,636,24,TAD Centre,152,2017-11-08 15:00,2017-11-08 17:15,Driving 4 Change,YES,Driving 4 Change Course,5,"NOTE ADDED: Sep 20 2017 12:42PM BY: Justin Goult  Client Name: Mr Michael Ballott, Id: 61283 - transferred into this course from course Id: 5556  ------------------------------------  ,NOTE ADDED: Sep 20 2017 12:42PM BY: Justin Goult    ------------------------------------  "
5679,DT148A,2666933,639,16,Morrison Trust Darlington,626,2017-11-08 13:30,2017-11-08 17:30,National Speed Awareness Course,YES,National Speed Awareness Course,2,"NOTE ADDED: Sep 25 2017  9:45AM BY: Ellie Sumpton  Client Name: Ms Carole Metcalfe, Id: 64707 - transferred into this course from course Id: 5627  ------------------------------------  ,NOTE ADDED: Sep 25 2017  9:45AM BY: Ellie Sumpton    ------------------------------------  ,NOTE ADDED: Oct  6 2017 10:52AM BY: Joanne Coulter  Client Name: Harold Kell, Id: 63944 - transferred into this course from course Id: 5631  ------------------------------------  ,NOTE ADDED: Oct  6 2017 10:52AM BY: Joanne Coulter    ------------------------------------  "
5719,MB1147A,2666943,634,24,TAD Centre,152,2017-11-08 13:30,2017-11-08 17:30,National Speed Awareness Course,YES,National Speed Awareness Course,2,"NOTE ADDED: Sep 25 2017 10:58AM BY: LCrossman  Client Name: Mr THOMAS PROFITT, Id: 62026 - transferred into this course from course Id: 5493  ------------------------------------  ,NOTE ADDED: Sep 25 2017 10:58AM BY: LCrossman    ------------------------------------  ,NOTE ADDED: Sep 26 2017  9:04AM BY: Joanne Coulter  Client Name: Ms Goria Morley, Id: 64777 - transferred into this course from course Id: 5632  ------------------------------------  ,NOTE ADDED: Sep 26 2017  9:04AM BY: Joanne Coulter    ------------------------------------  ,NOTE ADDED: Sep 29 2017  9:20AM BY: Ellie Sumpton  Client Name: Alan Turner, Id: 63900 - transferred into this course from course Id: 5577  ------------------------------------  ,NOTE ADDED: Sep 29 2017  9:20AM BY: Ellie Sumpton    ------------------------------------  ,NOTE ADDED: Oct  6 2017 12:26PM BY: Amanda Thomas  Client Name: Mr Lee UPTON, Id: 62888 - transferred into this course from course Id: 5564  ------------------------------------  ,NOTE ADDED: Oct  6 2017 12:26PM BY: Amanda Thomas    ------------------------------------  "
5667,D4C79B,2666093,223,24,TAD Centre,152,2017-11-08 11:45,2017-11-08 14:00,Driving 4 Change,YES,Driving 4 Change Course,5,NULL
5667,D4C79B,2666093,636,24,TAD Centre,152,2017-11-08 11:45,2017-11-08 14:00,Driving 4 Change,YES,Driving 4 Change Course,5,NULL
5666,D4C79A,2666092,223,24,TAD Centre,152,2017-11-08 09:00,2017-11-08 11:15,Driving 4 Change,YES,Driving 4 Change Course,5,NULL
5666,D4C79A,2666092,636,24,TAD Centre,152,2017-11-08 09:00,2017-11-08 11:15,Driving 4 Change,YES,Driving 4 Change Course,5,NULL
5678,DT148,2666932,639,16,Morrison Trust Darlington,626,2017-11-08 08:30,2017-11-08 12:30,National Speed Awareness Course,YES,National Speed Awareness Course,2,"NOTE ADDED: Sep 27 2017  8:42AM BY: Joanne Coulter  Client Name: Christopher Kerr, Id: 64397 - transferred out of this course on to Course Id: 5691  ------------------------------------  ,NOTE ADDED: Sep 27 2017  8:42AM BY: Joanne Coulter    ------------------------------------  ,NOTE ADDED: Sep 27 2017  1:39PM BY: LCrossman  Client Name: Paul James, Id: 64521 - transferred into this course from course Id: 5615  ------------------------------------  ,NOTE ADDED: Sep 27 2017  1:39PM BY: LCrossman    ------------------------------------  ,NOTE ADDED: Oct  3 2017  9:47AM BY: Amanda Thomas  Client Name: Mrs Jean Milne, Id: 65302 - transferred into this course from course Id: 5673  ------------------------------------  ,NOTE ADDED: Oct  3 2017  9:47AM BY: Amanda Thomas    ------------------------------------  ,NOTE ADDED: Oct  4 2017  3:12PM BY: Ellie Sumpton  Client Name: Mrs Alison STOUT, Id: 63494 - transferred into this course from course Id: 5620  ------------------------------------  ,NOTE ADDED: Oct  4 2017  3:12PM BY: Ellie Sumpton    ------------------------------------  "
5718,MB1147,2666942,634,24,TAD Centre,152,2017-11-08 08:30,2017-11-08 12:30,National Speed Awareness Course,YES,National Speed Awareness Course,2,"NOTE ADDED: Sep 26 2017  8:19AM BY: Joanne Coulter  Client Name: Mr Anthony Wilkins, Id: 64623 - transferred into this course from course Id: 5619  ------------------------------------  ,NOTE ADDED: Sep 26 2017  8:19AM BY: Joanne Coulter    ------------------------------------  ,NOTE ADDED: Oct  4 2017  8:27AM BY: LCrossman  Client Name: James, Id: 66005 - transferred out of this course on to Course Id: 5580  ------------------------------------  ,NOTE ADDED: Oct  4 2017  8:27AM BY: LCrossman    ------------------------------------  "
5662,1234567,NULL,NULL,2,Bannatyne Health Club,657,2017-11-08 00:00,2017-11-08 00:00,Driver Improvement,NO,National Driver Improvement Scheme,1,NULL
5677,GH39A,2666931,639,26,The Greenhouse,672,2017-11-07 13:30,2017-11-07 17:30,National Speed Awareness Course,YES,National Speed Awareness Course,2,"NOTE ADDED: Oct  4 2017  2:31PM BY: Atlas Systems Administration  Client Name: Donna Howe, Id: 65671 - transferred into this course from course Id: 5676  ------------------------------------  ,NOTE ADDED: Oct  4 2017  2:31PM BY: Atlas Systems Administration    ------------------------------------  ,NOTE ADDED: Oct  6 2017  2:35PM BY: Amanda Thomas  Client Name: Dr Lucy Hansen, Id: 64230 - transferred into this course from course Id: 5639  ------------------------------------  ,NOTE ADDED: Oct  6 2017  2:35PM BY: Amanda Thomas    ------------------------------------  "
5717,MB1146A,2666941,634,24,TAD Centre,152,2017-11-07 13:30,2017-11-07 17:30,National Speed Awareness Course,YES,National Speed Awareness Course,2,"NOTE ADDED: Sep 26 2017  9:00AM BY: LCrossman  Client Name: Ms Catherine Lowther, Id: 61974 - transferred into this course from course Id: 5492  ------------------------------------  ,NOTE ADDED: Sep 26 2017  9:00AM BY: LCrossman    ------------------------------------  ,NOTE ADDED: Sep 26 2017  9:35AM BY: LCrossman  Client Name: Ms Lynsey Hesse, Id: 64455 - transferred into this course from course Id: 5594  ------------------------------------  ,NOTE ADDED: Sep 26 2017  9:35AM BY: LCrossman    ------------------------------------  ,NOTE ADDED: Sep 26 2017  2:39PM BY: Ellie Sumpton  Client Name: Nahid Shakeel, Id: 64634 - transferred into this course from course Id: 5634  ------------------------------------  ,NOTE ADDED: Sep 26 2017  2:39PM BY: Ellie Sumpton    ------------------------------------  ,NOTE ADDED: Sep 27 2017 11:18AM BY: Temp3 Temp3  Client Name: Mr David NEEDHam, Id: 62212 - transferred into this course from course Id: 5565  ------------------------------------  ,NOTE ADDED: Sep 27 2017 11:18AM BY: Temp3 Temp3    ------------------------------------  "
5676,GH39,2666930,639,26,The Greenhouse,672,2017-11-07 08:30,2017-11-07 12:30,National Speed Awareness Course,YES,National Speed Awareness Course,2,"NOTE ADDED: Sep 26 2017  9:02AM BY: Joanne Coulter  Client Name: Mr Andrew CLARK, Id: 62796 - transferred into this course from course Id: 5609  ------------------------------------  ,NOTE ADDED: Sep 26 2017  9:02AM BY: Joanne Coulter    ------------------------------------  ,NOTE ADDED: Sep 28 2017  9:12AM BY: Joanne Coulter  Client Name: Norman Shearer, Id: 65435 - transferred into this course from course Id: 5641  ------------------------------------  ,NOTE ADDED: Sep 28 2017  9:12AM BY: Joanne Coulter    ------------------------------------  ,NOTE ADDED: Oct  4 2017  2:31PM BY: Atlas Systems Administration  Client Name: Donna Howe, Id: 65671 - transferred out of this course on to Course Id: 5677  ------------------------------------  ,NOTE ADDED: Oct  4 2017  2:31PM BY: Atlas Systems Administration    ------------------------------------  "
5716,MB1146,2666940,634,24,TAD Centre,152,2017-11-07 08:30,2017-11-07 12:30,National Speed Awareness Course,YES,National Speed Awareness Course,2,"NOTE ADDED: Sep 29 2017  9:21AM BY: Ellie Sumpton  Client Name: Alan Archer, Id: 64077 - transferred into this course from course Id: 5577  ------------------------------------  ,NOTE ADDED: Sep 29 2017  9:21AM BY: Ellie Sumpton    ------------------------------------  ,NOTE ADDED: Oct  4 2017  2:23PM BY: Amanda Thomas  Client Name: Mr Michael Fowler, Id: 64567 - transferred out of this course on to Course Id: 5729  ------------------------------------  ,NOTE ADDED: Oct  4 2017  2:23PM BY: Amanda Thomas    ------------------------------------  "
,,,,,,,,,,,,,
,,,,,,,,,,,,,
,,,,,,,,,,,,,
,,,,,,,,,,,,,
,,,,,,,,,,,,,
,,,,,,,,,,,,,
,,,,,,,,,,,,,
,,,,,,,,,,,,,
,,,,,,,,,,,,,
,,,,,,,,,,,,,
,,,,,,,,,,,,,
,,,,,,,,,,,,,
,,,,,,,,,,,,,
,,,,,,,,,,,,,
,,,,,,,,,,,,,
,,,,,,,,,,,,,
,,,,,,,,,,,,,
,,,,,,,,,,,,,
,,,,,,,,,,,,,
,,,,,,,,,,,,,
,,,,,,,,,,,,,
,,,,,,,,,,,,,
,,,,,,,,,,,,,
,,,,,,,,,,,,,
,,,,,,,,,,,,,
,,,,,,,,,,,,,
,,,,,,,,,,,,,
,,,,,,,,,,,,,
,,,,,,,,,,,,,
,,,,,,,,,,,,,
,,,,,,,,,,,,,
,,,,,,,,,,,,,
,,,,,,,,,,,,,
,,,,,,,,,,,,,
,,,,,,,,,,,,,
,,,,,,,,,,,,,
,,,,,,,,,,,,,
,,,,,,,,,,,,,
,,,,,,,,,,,,,
,,,,,,,,,,,,,
,,,,,,,,,,,,,
,,,,,,,,,,,,,
,,,,,,,,,,,,,
,,,,,,,,,,,,,
,,,,,,,,,,,,,
,,,,,,,,,,,,,
,,,,,,,,,,,,,
,,,,,,,,,,,,,
,,,,,,,,,,,,,
,,,,,,,,,,,,,
,,,,,,,,,,,,,
,,,,,,,,,,,,,
,,,,,,,,,,,,,
,,,,,,,,,,,,,
,,,,,,,,,,,,,
,,,,,,,,,,,,,
,,,,,,,,,,,,,
,,,,,,,,,,,,,
,,,,,,,,,,,,,
,,,,,,,,,,,,,
,,,,,,,,,,,,,
,,,,,,,,,,,,,
,,,,,,,,,,,,,
,,,,,,,,,,,,,
,,,,,,,,,,,,,
,,,,,,,,,,,,,
,,,,,,,,,,,,,
,,,,,,,,,,,,,
,,,,,,,,,,,,,
,,,,,,,,,,,,,
,,,,,,,,,,,,,
,,,,,,,,,,,,,
,,,,,,,,,,,,,
,,,,,,,,,,,,,
,,,,,,,,,,,,,
,,,,,,,,,,,,,
,,,,,,,,,,,,,
,,,,,,,,,,,,,
,,,,,,,,,,,,,
,,,,,,,,,,,,,
,,,,,,,,,,,,,
,,,,,,,,,,,,,
,,,,,,,,,,,,,
,,,,,,,,,,,,,
,,,,,,,,,,,,,
,,,,,,,,,,,,,
,,,,,,,,,,,,,
,,,,,,,,,,,,,
,,,,,,,,,,,,,
,,,,,,,,,,,,,
,,,,,,,,,,,,,
,,,,,,,,,,,,,
,,,,,,,,,,,,,
,,,,,,,,,,,,,
,,,,,,,,,,,,,
,,,,,,,,,,,,,
,,,,,,,,,,,,,
,,,,,,,,,,,,,
,,,,,,,,,,,,,
,,,,,,,,,,,,,
,,,,,,,,,,,,,
,,,,,,,,,,,,,
,,,,,,,,,,,,,
,,,,,,,,,,,,,
,,,,,,,,,,,,,
,,,,,,,,,,,,,
,,,,,,,,,,,,,
,,,,,,,,,,,,,
,,,,,,,,,,,,,
,,,,,,,,,,,,,
,,,,,,,,,,,,,
,,,,,,,,,,,,,
,,,,,,,,,,,,,
,,,,,,,,,,,,,
,,,,,,,,,,,,,
,,,,,,,,,,,,,
,,,,,,,,,,,,,
,,,,,,,,,,,,,
,,,,,,,,,,,,,
,,,,,,,,,,,,,
,,,,,,,,,,,,,
,,,,,,,,,,,,,
,,,,,,,,,,,,,
,,,,,,,,,,,,,
,,,,,,,,,,,,,
,,,,,,,,,,,,,
,,,,,,,,,,,,,
,,,,,,,,,,,,,
,,,,,,,,,,,,,
,,,,,,,,,,,,,
,,,,,,,,,,,,,
,,,,,,,,,,,,,
,,,,,,,,,,,,,
,,,,,,,,,,,,,
,,,,,,,,,,,,,
,,,,,,,,,,,,,
,,,,,,,,,,,,,
,,,,,,,,,,,,,
,,,,,,,,,,,,,
,,,,,,,,,,,,,
,,,,,,,,,,,,,
,,,,,,,,,,,,,
,,,,,,,,,,,,,
,,,,,,,,,,,,,
,,,,,,,,,,,,,
,,,,,,,,,,,,,
,,,,,,,,,,,,,
,,,,,,,,,,,,,
,,,,,,,,,,,,,
,,,,,,,,,,,,,
,,,,,,,,,,,,,
,,,,,,,,,,,,,
,,,,,,,,,,,,,
,,,,,,,,,,,,,
,,,,,,,,,,,,,
,,,,,,,,,,,,,
,,,,,,,,,,,,,
,,,,,,,,,,,,,
,,,,,,,,,,,,,
,,,,,,,,,,,,,
,,,,,,,,,,,,,
,,,,,,,,,,,,,
,,,,,,,,,,,,,
,,,,,,,,,,,,,
,,,,,,,,,,,,,
,,,,,,,,,,,,,
,,,,,,,,,,,,,
,,,,,,,,,,,,,
,,,,,,,,,,,,,
,,,,,,,,,,,,,
,,,,,,,,,,,,,
,,,,,,,,,,,,,
,,,,,,,,,,,,,
,,,,,,,,,,,,,
,,,,,,,,,,,,,
,,,,,,,,,,,,,
,,,,,,,,,,,,,
,,,,,,,,,,,,,
,,,,,,,,,,,,,
,,,,,,,,,,,,,
,,,,,,,,,,,,,
,,,,,,,,,,,,,
,,,,,,,,,,,,,
,,,,,,,,,,,,,
,,,,,,,,,,,,,
,,,,,,,,,,,,,
,,,,,,,,,,,,,
,,,,,,,,,,,,,
,,,,,,,,,,,,,
,,,,,,,,,,,,,
,,,,,,,,,,,,,
,,,,,,,,,,,,,
,,,,,,,,,,,,,
,,,,,,,,,,,,,
,,,,,,,,,,,,,
,,,,,,,,,,,,,
,,,,,,,,,,,,,
,,,,,,,,,,,,,
,,,,,,,,,,,,,
,,,,,,,,,,,,,
,,,,,,,,,,,,,
,,,,,,,,,,,,,
,,,,,,,,,,,,,
,,,,,,,,,,,,,
,,,,,,,,,,,,,
,,,,,,,,,,,,,
,,,,,,,,,,,,,
,,,,,,,,,,,,,
,,,,,,,,,,,,,
,,,,,,,,,,,,,
,,,,,,,,,,,,,
,,,,,,,,,,,,,
,,,,,,,,,,,,,
,,,,,,,,,,,,,
,,,,,,,,,,,,,
,,,,,,,,,,,,,
,,,,,,,,,,,,,
,,,,,,,,,,,,,
,,,,,,,,,,,,,
,,,,,,,,,,,,,
,,,,,,,,,,,,,
,,,,,,,,,,,,,
,,,,,,,,,,,,,
,,,,,,,,,,,,,
,,,,,,,,,,,,,
,,,,,,,,,,,,,
,,,,,,,,,,,,,
,,,,,,,,,,,,,
,,,,,,,,,,,,,
,,,,,,,,,,,,,
,,,,,,,,,,,,,
,,,,,,,,,,,,,
,,,,,,,,,,,,,
,,,,,,,,,,,,,
,,,,,,,,,,,,,
,,,,,,,,,,,,,
,,,,,,,,,,,,,
,,,,,,,,,,,,,
,,,,,,,,,,,,,
,,,,,,,,,,,,,
,,,,,,,,,,,,,
,,,,,,,,,,,,,
,,,,,,,,,,,,,
,,,,,,,,,,,,,
,,,,,,,,,,,,,
,,,,,,,,,,,,,
,,,,,,,,,,,,,
,,,,,,,,,,,,,
,,,,,,,,,,,,,
,,,,,,,,,,,,,
,,,,,,,,,,,,,
,,,,,,,,,,,,,
,,,,,,,,,,,,,
,,,,,,,,,,,,,
,,,,,,,,,,,,,
,,,,,,,,,,,,,
,,,,,,,,,,,,,
,,,,,,,,,,,,,
,,,,,,,,,,,,,
,,,,,,,,,,,,,
,,,,,,,,,,,,,
,,,,,,,,,,,,,
,,,,,,,,,,,,,
,,,,,,,,,,,,,
,,,,,,,,,,,,,
,,,,,,,,,,,,,
,,,,,,,,,,,,,
,,,,,,,,,,,,,
,,,,,,,,,,,,,
,,,,,,,,,,,,,
,,,,,,,,,,,,,
,,,,,,,,,,,,,
,,,,,,,,,,,,,
,,,,,,,,,,,,,
,,,,,,,,,,,,,
,,,,,,,,,,,,,
,,,,,,,,,,,,,
,,,,,,,,,,,,,
,,,,,,,,,,,,,
,,,,,,,,,,,,,
,,,,,,,,,,,,,
,,,,,,,,,,,,,
,,,,,,,,,,,,,
,,,,,,,,,,,,,
,,,,,,,,,,,,,
,,,,,,,,,,,,,
,,,,,,,,,,,,,
,,,,,,,,,,,,,
,,,,,,,,,,,,,
,,,,,,,,,,,,,
,,,,,,,,,,,,,
,,,,,,,,,,,,,
,,,,,,,,,,,,,
,,,,,,,,,,,,,
,,,,,,,,,,,,,
,,,,,,,,,,,,,
,,,,,,,,,,,,,
,,,,,,,,,,,,,
,,,,,,,,,,,,,
,,,,,,,,,,,,,
,,,,,,,,,,,,,
,,,,,,,,,,,,,
,,,,,,,,,,,,,
,,,,,,,,,,,,,
,,,,,,,,,,,,,
,,,,,,,,,,,,,
,,,,,,,,,,,,,
,,,,,,,,,,,,,
,,,,,,,,,,,,,
,,,,,,,,,,,,,
,,,,,,,,,,,,,
,,,,,,,,,,,,,
,,,,,,,,,,,,,
,,,,,,,,,,,,,
,,,,,,,,,,,,,
,,,,,,,,,,,,,
,,,,,,,,,,,,,
,,,,,,,,,,,,,
,,,,,,,,,,,,,
,,,,,,,,,,,,,
,,,,,,,,,,,,,
,,,,,,,,,,,,,
,,,,,,,,,,,,,
,,,,,,,,,,,,,
,,,,,,,,,,,,,
,,,,,,,,,,,,,
,,,,,,,,,,,,,
,,,,,,,,,,,,,
,,,,,,,,,,,,,
,,,,,,,,,,,,,
,,,,,,,,,,,,,
,,,,,,,,,,,,,
,,,,,,,,,,,,,
,,,,,,,,,,,,,
,,,,,,,,,,,,,
,,,,,,,,,,,,,
,,,,,,,,,,,,,
,,,,,,,,,,,,,
,,,,,,,,,,,,,
,,,,,,,,,,,,,
,,,,,,,,,,,,,
,,,,,,,,,,,,,
,,,,,,,,,,,,,
,,,,,,,,,,,,,
,,,,,,,,,,,,,
,,,,,,,,,,,,,
,,,,,,,,,,,,,
,,,,,,,,,,,,,
,,,,,,,,,,,,,
,,,,,,,,,,,,,
,,,,,,,,,,,,,
,,,,,,,,,,,,,
,,,,,,,,,,,,,
,,,,,,,,,,,,,
,,,,,,,,,,,,,
,,,,,,,,,,,,,
,,,,,,,,,,,,,
,,,,,,,,,,,,,
,,,,,,,,,,,,,
,,,,,,,,,,,,,
,,,,,,,,,,,,,
,,,,,,,,,,,,,
,,,,,,,,,,,,,
,,,,,,,,,,,,,
,,,,,,,,,,,,,
,,,,,,,,,,,,,
,,,,,,,,,,,,,
,,,,,,,,,,,,,
,,,,,,,,,,,,,
,,,,,,,,,,,,,
,,,,,,,,,,,,,
,,,,,,,,,,,,,
,,,,,,,,,,,,,
,,,,,,,,,,,,,
,,,,,,,,,,,,,
,,,,,,,,,,,,,
,,,,,,,,,,,,,
,,,,,,,,,,,,,
,,,,,,,,,,,,,
,,,,,,,,,,,,,
,,,,,,,,,,,,,
,,,,,,,,,,,,,
,,,,,,,,,,,,,
,,,,,,,,,,,,,
,,,,,,,,,,,,,
,,,,,,,,,,,,,
,,,,,,,,,,,,,
,,,,,,,,,,,,,
,,,,,,,,,,,,,
,,,,,,,,,,,,,
,,,,,,,,,,,,,
,,,,,,,,,,,,,
,,,,,,,,,,,,,
,,,,,,,,,,,,,
,,,,,,,,,,,,,
,,,,,,,,,,,,,
,,,,,,,,,,,,,
,,,,,,,,,,,,,
,,,,,,,,,,,,,
,,,,,,,,,,,,,
,,,,,,,,,,,,,
,,,,,,,,,,,,,
,,,,,,,,,,,,,
,,,,,,,,,,,,,
,,,,,,,,,,,,,
,,,,,,,,,,,,,
,,,,,,,,,,,,,
,,,,,,,,,,,,,
,,,,,,,,,,,,,
,,,,,,,,,,,,,
,,,,,,,,,,,,,
,,,,,,,,,,,,,
,,,,,,,,,,,,,
,,,,,,,,,,,,,
,,,,,,,,,,,,,
,,,,,,,,,,,,,
,,,,,,,,,,,,,
,,,,,,,,,,,,,
,,,,,,,,,,,,,
,,,,,,,,,,,,,
,,,,,,,,,,,,,
,,,,,,,,,,,,,
,,,,,,,,,,,,,
,,,,,,,,,,,,,
,,,,,,,,,,,,,
,,,,,,,,,,,,,
,,,,,,,,,,,,,
,,,,,,,,,,,,,
,,,,,,,,,,,,,
,,,,,,,,,,,,,
,,,,,,,,,,,,,
,,,,,,,,,,,,,
,,,,,,,,,,,,,
,,,,,,,,,,,,,
,,,,,,,,,,,,,
,,,,,,,,,,,,,
,,,,,,,,,,,,,
,,,,,,,,,,,,,
,,,,,,,,,,,,,
,,,,,,,,,,,,,
,,,,,,,,,,,,,
,,,,,,,,,,,,,
,,,,,,,,,,,,,
,,,,,,,,,,,,,
,,,,,,,,,,,,,
,,,,,,,,,,,,,
,,,,,,,,,,,,,
,,,,,,,,,,,,,
,,,,,,,,,,,,,
,,,,,,,,,,,,,
,,,,,,,,,,,,,
,,,,,,,,,,,,,
,,,,,,,,,,,,,
,,,,,,,,,,,,,
,,,,,,,,,,,,,
,,,,,,,,,,,,,
,,,,,,,,,,,,,
,,,,,,,,,,,,,
,,,,,,,,,,,,,
,,,,,,,,,,,,,
,,,,,,,,,,,,,
,,,,,,,,,,,,,
,,,,,,,,,,,,,
,,,,,,,,,,,,,
,,,,,,,,,,,,,
,,,,,,,,,,,,,
,,,,,,,,,,,,,
,,,,,,,,,,,,,
,,,,,,,,,,,,,
,,,,,,,,,,,,,
,,,,,,,,,,,,,
,,,,,,,,,,,,,
,,,,,,,,,,,,,
,,,,,,,,,,,,,
,,,,,,,,,,,,,
,,,,,,,,,,,,,
,,,,,,,,,,,,,
,,,,,,,,,,,,,
,,,,,,,,,,,,,
,,,,,,,,,,,,,
,,,,,,,,,,,,,
,,,,,,,,,,,,,
,,,,,,,,,,,,,
,,,,,,,,,,,,,
,,,,,,,,,,,,,
,,,,,,,,,,,,,
,,,,,,,,,,,,,
,,,,,,,,,,,,,
,,,,,,,,,,,,,
,,,,,,,,,,,,,
,,,,,,,,,,,,,
,,,,,,,,,,,,,
,,,,,,,,,,,,,
,,,,,,,,,,,,,
,,,,,,,,,,,,,
,,,,,,,,,,,,,
,,,,,,,,,,,,,
,,,,,,,,,,,,,
,,,,,,,,,,,,,
,,,,,,,,,,,,,
,,,,,,,,,,,,,
,,,,,,,,,,,,,
,,,,,,,,,,,,,
,,,,,,,,,,,,,
,,,,,,,,,,,,,
,,,,,,,,,,,,,
,,,,,,,,,,,,,
,,,,,,,,,,,,,
,,,,,,,,,,,,,
,,,,,,,,,,,,,
,,,,,,,,,,,,,
,,,,,,,,,,,,,
,,,,,,,,,,,,,
,,,,,,,,,,,,,
,,,,,,,,,,,,,
,,,,,,,,,,,,,
,,,,,,,,,,,,,
,,,,,,,,,,,,,
,,,,,,,,,,,,,
,,,,,,,,,,,,,
,,,,,,,,,,,,,
,,,,,,,,,,,,,
,,,,,,,,,,,,,
,,,,,,,,,,,,,
,,,,,,,,,,,,,
,,,,,,,,,,,,,
,,,,,,,,,,,,,
,,,,,,,,,,,,,
,,,,,,,,,,,,,
,,,,,,,,,,,,,
,,,,,,,,,,,,,
,,,,,,,,,,,,,
,,,,,,,,,,,,,
,,,,,,,,,,,,,
,,,,,,,,,,,,,
,,,,,,,,,,,,,
,,,,,,,,,,,,,
,,,,,,,,,,,,,
,,,,,,,,,,,,,
,,,,,,,,,,,,,
,,,,,,,,,,,,,
,,,,,,,,,,,,,
,,,,,,,,,,,,,
,,,,,,,,,,,,,
,,,,,,,,,,,,,
,,,,,,,,,,,,,
,,,,,,,,,,,,,
,,,,,,,,,,,,,
,,,,,,,,,,,,,
,,,,,,,,,,,,,
,,,,,,,,,,,,,
,,,,,,,,,,,,,
,,,,,,,,,,,,,
,,,,,,,,,,,,,
,,,,,,,,,,,,,
,,,,,,,,,,,,,
,,,,,,,,,,,,,
,,,,,,,,,,,,,
,,,,,,,,,,,,,
,,,,,,,,,,,,,
,,,,,,,,,,,,,
,,,,,,,,,,,,,
,,,,,,,,,,,,,
,,,,,,,,,,,,,
,,,,,,,,,,,,,
,,,,,,,,,,,,,
,,,,,,,,,,,,,
,,,,,,,,,,,,,
,,,,,,,,,,,,,
,,,,,,,,,,,,,
,,,,,,,,,,,,,
,,,,,,,,,,,,,
,,,,,,,,,,,,,
,,,,,,,,,,,,,
,,,,,,,,,,,,,
,,,,,,,,,,,,,
,,,,,,,,,,,,,
,,,,,,,,,,,,,
,,,,,,,,,,,,,
,,,,,,,,,,,,,
,,,,,,,,,,,,,
,,,,,,,,,,,,,
,,,,,,,,,,,,,
,,,,,,,,,,,,,
,,,,,,,,,,,,,
,,,,,,,,,,,,,
,,,,,,,,,,,,,
,,,,,,,,,,,,,
,,,,,,,,,,,,,
,,,,,,,,,,,,,
,,,,,,,,,,,,,
,,,,,,,,,,,,,
,,,,,,,,,,,,,
,,,,,,,,,,,,,
,,,,,,,,,,,,,
,,,,,,,,,,,,,
,,,,,,,,,,,,,
,,,,,,,,,,,,,
,,,,,,,,,,,,,
,,,,,,,,,,,,,
,,,,,,,,,,,,,
,,,,,,,,,,,,,
,,,,,,,,,,,,,
,,,,,,,,,,,,,
,,,,,,,,,,,,,
,,,,,,,,,,,,,
,,,,,,,,,,,,,
,,,,,,,,,,,,,
,,,,,,,,,,,,,
,,,,,,,,,,,,,
,,,,,,,,,,,,,
,,,,,,,,,,,,,
,,,,,,,,,,,,,
,,,,,,,,,,,,,
,,,,,,,,,,,,,
,,,,,,,,,,,,,
,,,,,,,,,,,,,
,,,,,,,,,,,,,
,,,,,,,,,,,,,
,,,,,,,,,,,,,
,,,,,,,,,,,,,
,,,,,,,,,,,,,
,,,,,,,,,,,,,
,,,,,,,,,,,,,
,,,,,,,,,,,,,
,,,,,,,,,,,,,
,,,,,,,,,,,,,
,,,,,,,,,,,,,
,,,,,,,,,,,,,
,,,,,,,,,,,,,
,,,,,,,,,,,,,
,,,,,,,,,,,,,
,,,,,,,,,,,,,
,,,,,,,,,,,,,
,,,,,,,,,,,,,
,,,,,,,,,,,,,
,,,,,,,,,,,,,
,,,,,,,,,,,,,
,,,,,,,,,,,,,
,,,,,,,,,,,,,
,,,,,,,,,,,,,
,,,,,,,,,,,,,
,,,,,,,,,,,,,
,,,,,,,,,,,,,
,,,,,,,,,,,,,
,,,,,,,,,,,,,
,,,,,,,,,,,,,
,,,,,,,,,,,,,
,,,,,,,,,,,,,
,,,,,,,,,,,,,
,,,,,,,,,,,,,
,,,,,,,,,,,,,
,,,,,,,,,,,,,
,,,,,,,,,,,,,
,,,,,,,,,,,,,
,,,,,,,,,,,,,
,,,,,,,,,,,,,
,,,,,,,,,,,,,
,,,,,,,,,,,,,
,,,,,,,,,,,,,
,,,,,,,,,,,,,
,,,,,,,,,,,,,
,,,,,,,,,,,,,
,,,,,,,,,,,,,
,,,,,,,,,,,,,
,,,,,,,,,,,,,
,,,,,,,,,,,,,
,,,,,,,,,,,,,
,,,,,,,,,,,,,
,,,,,,,,,,,,,
,,,,,,,,,,,,,
,,,,,,,,,,,,,
,,,,,,,,,,,,,
,,,,,,,,,,,,,
,,,,,,,,,,,,,
,,,,,,,,,,,,,
,,,,,,,,,,,,,
,,,,,,,,,,,,,
,,,,,,,,,,,,,
,,,,,,,,,,,,,
,,,,,,,,,,,,,
,,,,,,,,,,,,,
,,,,,,,,,,,,,
,,,,,,,,,,,,,
,,,,,,,,,,,,,
,,,,,,,,,,,,,
,,,,,,,,,,,,,
,,,,,,,,,,,,,
,,,,,,,,,,,,,
,,,,,,,,,,,,,
,,,,,,,,,,,,,
,,,,,,,,,,,,,
,,,,,,,,,,,,,
,,,,,,,,,,,,,
,,,,,,,,,,,,,
,,,,,,,,,,,,,
,,,,,,,,,,,,,
,,,,,,,,,,,,,
,,,,,,,,,,,,,
,,,,,,,,,,,,,
,,,,,,,,,,,,,
,,,,,,,,,,,,,
,,,,,,,,,,,,,
,,,,,,,,,,,,,
,,,,,,,,,,,,,
,,,,,,,,,,,,,
,,,,,,,,,,,,,
,,,,,,,,,,,,,
,,,,,,,,,,,,,
,,,,,,,,,,,,,
,,,,,,,,,,,,,
,,,,,,,,,,,,,
,,,,,,,,,,,,,
,,,,,,,,,,,,,
,,,,,,,,,,,,,
,,,,,,,,,,,,,
,,,,,,,,,,,,,
,,,,,,,,,,,,,
,,,,,,,,,,,,,
,,,,,,,,,,,,,
,,,,,,,,,,,,,
,,,,,,,,,,,,,
,,,,,,,,,,,,,
,,,,,,,,,,,,,
,,,,,,,,,,,,,
,,,,,,,,,,,,,
,,,,,,,,,,,,,
,,,,,,,,,,,,,
,,,,,,,,,,,,,
,,,,,,,,,,,,,
,,,,,,,,,,,,,
,,,,,,,,,,,,,
,,,,,,,,,,,,,
,,,,,,,,,,,,,
,,,,,,,,,,,,,
,,,,,,,,,,,,,
,,,,,,,,,,,,,
,,,,,,,,,,,,,
,,,,,,,,,,,,,
,,,,,,,,,,,,,
,,,,,,,,,,,,,
,,,,,,,,,,,,,
,,,,,,,,,,,,,
,,,,,,,,,,,,,
,,,,,,,,,,,,,
,,,,,,,,,,,,,
,,,,,,,,,,,,,
,,,,,,,,,,,,,
,,,,,,,,,,,,,
,,,,,,,,,,,,,
,,,,,,,,,,,,,
,,,,,,,,,,,,,
,,,,,,,,,,,,,
,,,,,,,,,,,,,
,,,,,,,,,,,,,
,,,,,,,,,,,,,
,,,,,,,,,,,,,
,,,,,,,,,,,,,
,,,,,,,,,,,,,
,,,,,,,,,,,,,
,,,,,,,,,,,,,
,,,,,,,,,,,,,
,,,,,,,,,,,,,
,,,,,,,,,,,,,
,,,,,,,,,,,,,
,,,,,,,,,,,,,
,,,,,,,,,,,,,
,,,,,,,,,,,,,
,,,,,,,,,,,,,
,,,,,,,,,,,,,
,,,,,,,,,,,,,
,,,,,,,,,,,,,
,,,,,,,,,,,,,
,,,,,,,,,,,,,
,,,,,,,,,,,,,
,,,,,,,,,,,,,
,,,,,,,,,,,,,
,,,,,,,,,,,,,
,,,,,,,,,,,,,
,,,,,,,,,,,,,
,,,,,,,,,,,,,
,,,,,,,,,,,,,
,,,,,,,,,,,,,
,,,,,,,,,,,,,
,,,,,,,,,,,,,
,,,,,,,,,,,,,
,,,,,,,,,,,,,
,,,,,,,,,,,,,
,,,,,,,,,,,,,
,,,,,,,,,,,,,
,,,,,,,,,,,,,
,,,,,,,,,,,,,
,,,,,,,,,,,,,
,,,,,,,,,,,,,
,,,,,,,,,,,,,
,,,,,,,,,,,,,
,,,,,,,,,,,,,
,,,,,,,,,,,,,
,,,,,,,,,,,,,
,,,,,,,,,,,,,
,,,,,,,,,,,,,
,,,,,,,,,,,,,
,,,,,,,,,,,,,
,,,,,,,,,,,,,
,,,,,,,,,,,,,
,,,,,,,,,,,,,
,,,,,,,,,,,,,
,,,,,,,,,,,,,
,,,,,,,,,,,,,
,,,,,,,,,,,,,
,,,,,,,,,,,,,
,,,,,,,,,,,,,
,,,,,,,,,,,,,
,,,,,,,,,,,,,
,,,,,,,,,,,,,
,,,,,,,,,,,,,
,,,,,,,,,,,,,
,,,,,,,,,,,,,
,,,,,,,,,,,,,
,,,,,,,,,,,,,
,,,,,,,,,,,,,
,,,,,,,,,,,,,
,,,,,,,,,,,,,
,,,,,,,,,,,,,
,,,,,,,,,,,,,
,,,,,,,,,,,,,
,,,,,,,,,,,,,
,,,,,,,,,,,,,
,,,,,,,,,,,,,
,,,,,,,,,,,,,
,,,,,,,,,,,,,
,,,,,,,,,,,,,
,,,,,,,,,,,,,
,,,,,,,,,,,,,
,,,,,,,,,,,,,
,,,,,,,,,,,,,
,,,,,,,,,,,,,
,,,,,,,,,,,,,
,,,,,,,,,,,,,
,,,,,,,,,,,,,
,,,,,,,,,,,,,
,,,,,,,,,,,,,
,,,,,,,,,,,,,
,,,,,,,,,,,,,
,,,,,,,,,,,,,
,,,,,,,,,,,,,
,,,,,,,,,,,,,
,,,,,,,,,,,,,
,,,,,,,,,,,,,
,,,,,,,,,,,,,
,,,,,,,,,,,,,
,,,,,,,,,,,,,
,,,,,,,,,,,,,
,,,,,,,,,,,,,
,,,,,,,,,,,,,
,,,,,,,,,,,,,
,,,,,,,,,,,,,
,,,,,,,,,,,,,
,,,,,,,,,,,,,
,,,,,,,,,,,,,
,,,,,,,,,,,,,
,,,,,,,,,,,,,
,,,,,,,,,,,,,
,,,,,,,,,,,,,
,,,,,,,,,,,,,
,,,,,,,,,,,,,
,,,,,,,,,,,,,
,,,,,,,,,,,,,
,,,,,,,,,,,,,
,,,,,,,,,,,,,
,,,,,,,,,,,,,
,,,,,,,,,,,,,
,,,,,,,,,,,,,
,,,,,,,,,,,,,
,,,,,,,,,,,,,
,,,,,,,,,,,,,
,,,,,,,,,,,,,
,,,,,,,,,,,,,
,,,,,,,,,,,,,
,,,,,,,,,,,,,
,,,,,,,,,,,,,
,,,,,,,,,,,,,
,,,,,,,,,,,,,
,,,,,,,,,,,,,
,,,,,,,,,,,,,
,,,,,,,,,,,,,
,,,,,,,,,,,,,
,,,,,,,,,,,,,
,,,,,,,,,,,,,
,,,,,,,,,,,,,
,,,,,,,,,,,,,
,,,,,,,,,,,,,
,,,,,,,,,,,,,
,,,,,,,,,,,,,
,,,,,,,,,,,,,
,,,,,,,,,,,,,
,,,,,,,,,,,,,
,,,,,,,,,,,,,
,,,,,,,,,,,,,
,,,,,,,,,,,,,
,,,,,,,,,,,,,
,,,,,,,,,,,,,
,,,,,,,,,,,,,
,,,,,,,,,,,,,
,,,,,,,,,,,,,
,,,,,,,,,,,,,
,,,,,,,,,,,,,
,,,,,,,,,,,,,
,,,,,,,,,,,,,
,,,,,,,,,,,,,
,,,,,,,,,,,,,
,,,,,,,,,,,,,
,,,,,,,,,,,,,
,,,,,,,,,,,,,
,,,,,,,,,,,,,
,,,,,,,,,,,,,
,,,,,,,,,,,,,
,,,,,,,,,,,,,
,,,,,,,,,,,,,
,,,,,,,,,,,,,
,,,,,,,,,,,,,
,,,,,,,,,,,,,
,,,,,,,,,,,,,
,,,,,,,,,,,,,
,,,,,,,,,,,,,
,,,,,,,,,,,,,
,,,,,,,,,,,,,
,,,,,,,,,,,,,
,,,,,,,,,,,,,
,,,,,,,,,,,,,
,,,,,,,,,,,,,
,,,,,,,,,,,,,
,,,,,,,,,,,,,
,,,,,,,,,,,,,
,,,,,,,,,,,,,
,,,,,,,,,,,,,
,,,,,,,,,,,,,
,,,,,,,,,,,,,
,,,,,,,,,,,,,
,,,,,,,,,,,,,
,,,,,,,,,,,,,
,,,,,,,,,,,,,
,,,,,,,,,,,,,
,,,,,,,,,,,,,
,,,,,,,,,,,,,
,,,,,,,,,,,,,
,,,,,,,,,,,,,
,,,,,,,,,,,,,
,,,,,,,,,,,,,
,,,,,,,,,,,,,
,,,,,,,,,,,,,
,,,,,,,,,,,,,
,,,,,,,,,,,,,
,,,,,,,,,,,,,
,,,,,,,,,,,,,
,,,,,,,,,,,,,
,,,,,,,,,,,,,
,,,,,,,,,,,,,
,,,,,,,,,,,,,
,,,,,,,,,,,,,
,,,,,,,,,,,,,
,,,,,,,,,,,,,
,,,,,,,,,,,,,
,,,,,,,,,,,,,
,,,,,,,,,,,,,
,,,,,,,,,,,,,
,,,,,,,,,,,,,
,,,,,,,,,,,,,
,,,,,,,,,,,,,
,,,,,,,,,,,,,
,,,,,,,,,,,,,
,,,,,,,,,,,,,
,,,,,,,,,,,,,
,,,,,,,,,,,,,
,,,,,,,,,,,,,
,,,,,,,,,,,,,
,,,,,,,,,,,,,
,,,,,,,,,,,,,
,,,,,,,,,,,,,
,,,,,,,,,,,,,
,,,,,,,,,,,,,
,,,,,,,,,,,,,
,,,,,,,,,,,,,
,,,,,,,,,,,,,
,,,,,,,,,,,,,
,,,,,,,,,,,,,
,,,,,,,,,,,,,
,,,,,,,,,,,,,
,,,,,,,,,,,,,
,,,,,,,,,,,,,
,,,,,,,,,,,,,
,,,,,,,,,,,,,
,,,,,,,,,,,,,
,,,,,,,,,,,,,
,,,,,,,,,,,,,
,,,,,,,,,,,,,
,,,,,,,,,,,,,
,,,,,,,,,,,,,
,,,,,,,,,,,,,
,,,,,,,,,,,,,
,,,,,,,,,,,,,
,,,,,,,,,,,,,
,,,,,,,,,,,,,
,,,,,,,,,,,,,
,,,,,,,,,,,,,
,,,,,,,,,,,,,
,,,,,,,,,,,,,
,,,,,,,,,,,,,
,,,,,,,,,,,,,
,,,,,,,,,,,,,
,,,,,,,,,,,,,
,,,,,,,,,,,,,
,,,,,,,,,,,,,
,,,,,,,,,,,,,
,,,,,,,,,,,,,
,,,,,,,,,,,,,
,,,,,,,,,,,,,
,,,,,,,,,,,,,
,,,,,,,,,,,,,
,,,,,,,,,,,,,
,,,,,,,,,,,,,
,,,,,,,,,,,,,
,,,,,,,,,,,,,
,,,,,,,,,,,,,
,,,,,,,,,,,,,
,,,,,,,,,,,,,
,,,,,,,,,,,,,
,,,,,,,,,,,,,
,,,,,,,,,,,,,
,,,,,,,,,,,,,
,,,,,,,,,,,,,
,,,,,,,,,,,,,
,,,,,,,,,,,,,
,,,,,,,,,,,,,
,,,,,,,,,,,,,
,,,,,,,,,,,,,
,,,,,,,,,,,,,
,,,,,,,,,,,,,
,,,,,,,,,,,,,
,,,,,,,,,,,,,
,,,,,,,,,,,,,
,,,,,,,,,,,,,
,,,,,,,,,,,,,
,,,,,,,,,,,,,
,,,,,,,,,,,,,
,,,,,,,,,,,,,
,,,,,,,,,,,,,
,,,,,,,,,,,,,
,,,,,,,,,,,,,
,,,,,,,,,,,,,
,,,,,,,,,,,,,
,,,,,,,,,,,,,
,,,,,,,,,,,,,
,,,,,,,,,,,,,
,,,,,,,,,,,,,
,,,,,,,,,,,,,
,,,,,,,,,,,,,
,,,,,,,,,,,,,
,,,,,,,,,,,,,
,,,,,,,,,,,,,
,,,,,,,,,,,,,
,,,,,,,,,,,,,
,,,,,,,,,,,,,
,,,,,,,,,,,,,
,,,,,,,,,,,,,
,,,,,,,,,,,,,
,,,,,,,,,,,,,
,,,,,,,,,,,,,
,,,,,,,,,,,,,
,,,,,,,,,,,,,
,,,,,,,,,,,,,
,,,,,,,,,,,,,
,,,,,,,,,,,,,
,,,,,,,,,,,,,
,,,,,,,,,,,,,
,,,,,,,,,,,,,
,,,,,,,,,,,,,
,,,,,,,,,,,,,
,,,,,,,,,,,,,
,,,,,,,,,,,,,
,,,,,,,,,,,,,
,,,,,,,,,,,,,
,,,,,,,,,,,,,
,,,,,,,,,,,,,
,,,,,,,,,,,,,
,,,,,,,,,,,,,
,,,,,,,,,,,,,
,,,,,,,,,,,,,
,,,,,,,,,,,,,
,,,,,,,,,,,,,
,,,,,,,,,,,,,
,,,,,,,,,,,,,
,,,,,,,,,,,,,
,,,,,,,,,,,,,
,,,,,,,,,,,,,
,,,,,,,,,,,,,
,,,,,,,,,,,,,
,,,,,,,,,,,,,
,,,,,,,,,,,,,
,,,,,,,,,,,,,
,,,,,,,,,,,,,
,,,,,,,,,,,,,
,,,,,,,,,,,,,
,,,,,,,,,,,,,
,,,,,,,,,,,,,
,,,,,,,,,,,,,
,,,,,,,,,,,,,
,,,,,,,,,,,,,
,,,,,,,,,,,,,
,,,,,,,,,,,,,
,,,,,,,,,,,,,
,,,,,,,,,,,,,
,,,,,,,,,,,,,
,,,,,,,,,,,,,
,,,,,,,,,,,,,
,,,,,,,,,,,,,
,,,,,,,,,,,,,
,,,,,,,,,,,,,
,,,,,,,,,,,,,
,,,,,,,,,,,,,
,,,,,,,,,,,,,
,,,,,,,,,,,,,
,,,,,,,,,,,,,
,,,,,,,,,,,,,
,,,,,,,,,,,,,
,,,,,,,,,,,,,
,,,,,,,,,,,,,
,,,,,,,,,,,,,
,,,,,,,,,,,,,
,,,,,,,,,,,,,
,,,,,,,,,,,,,
,,,,,,,,,,,,,
,,,,,,,,,,,,,
,,,,,,,,,,,,,
,,,,,,,,,,,,,
,,,,,,,,,,,,,
,,,,,,,,,,,,,
,,,,,,,,,,,,,
,,,,,,,,,,,,,
,,,,,,,,,,,,,
,,,,,,,,,,,,,
,,,,,,,,,,,,,
,,,,,,,,,,,,,
,,,,,,,,,,,,,
,,,,,,,,,,,,,
,,,,,,,,,,,,,
,,,,,,,,,,,,,
,,,,,,,,,,,,,
,,,,,,,,,,,,,
,,,,,,,,,,,,,
,,,,,,,,,,,,,
,,,,,,,,,,,,,
,,,,,,,,,,,,,
,,,,,,,,,,,,,
,,,,,,,,,,,,,
,,,,,,,,,,,,,
,,,,,,,,,,,,,
,,,,,,,,,,,,,
,,,,,,,,,,,,,
,,,,,,,,,,,,,
,,,,,,,,,,,,,
,,,,,,,,,,,,,
,,,,,,,,,,,,,
,,,,,,,,,,,,,
,,,,,,,,,,,,,
,,,,,,,,,,,,,
,,,,,,,,,,,,,
,,,,,,,,,,,,,
,,,,,,,,,,,,,
,,,,,,,,,,,,,
,,,,,,,,,,,,,
,,,,,,,,,,,,,
,,,,,,,,,,,,,
,,,,,,,,,,,,,
,,,,,,,,,,,,,
,,,,,,,,,,,,,
,,,,,,,,,,,,,
,,,,,,,,,,,,,
,,,,,,,,,,,,,
,,,,,,,,,,,,,
,,,,,,,,,,,,,
,,,,,,,,,,,,,
,,,,,,,,,,,,,
,,,,,,,,,,,,,
,,,,,,,,,,,,,
,,,,,,,,,,,,,
,,,,,,,,,,,,,
,,,,,,,,,,,,,
,,,,,,,,,,,,,
,,,,,,,,,,,,,
,,,,,,,,,,,,,
,,,,,,,,,,,,,
,,,,,,,,,,,,,
,,,,,,,,,,,,,
,,,,,,,,,,,,,
,,,,,,,,,,,,,
,,,,,,,,,,,,,
,,,,,,,,,,,,,
,,,,,,,,,,,,,
,,,,,,,,,,,,,
,,,,,,,,,,,,,
,,,,,,,,,,,,,
,,,,,,,,,,,,,
,,,,,,,,,,,,,
,,,,,,,,,,,,,
,,,,,,,,,,,,,
,,,,,,,,,,,,,
,,,,,,,,,,,,,
,,,,,,,,,,,,,
,,,,,,,,,,,,,
,,,,,,,,,,,,,
,,,,,,,,,,,,,
,,,,,,,,,,,,,
,,,,,,,,,,,,,
,,,,,,,,,,,,,
,,,,,,,,,,,,,
,,,,,,,,,,,,,
,,,,,,,,,,,,,
,,,,,,,,,,,,,
,,,,,,,,,,,,,
,,,,,,,,,,,,,
,,,,,,,,,,,,,
,,,,,,,,,,,,,
,,,,,,,,,,,,,
,,,,,,,,,,,,,
,,,,,,,,,,,,,
,,,,,,,,,,,,,
,,,,,,,,,,,,,
,,,,,,,,,,,,,
,,,,,,,,,,,,,
,,,,,,,,,,,,,
,,,,,,,,,,,,,
,,,,,,,,,,,,,
,,,,,,,,,,,,,
,,,,,,,,,,,,,
,,,,,,,,,,,,,
,,,,,,,,,,,,,
,,,,,,,,,,,,,
,,,,,,,,,,,,,
,,,,,,,,,,,,,
,,,,,,,,,,,,,
,,,,,,,,,,,,,
,,,,,,,,,,,,,
,,,,,,,,,,,,,
,,,,,,,,,,,,,
,,,,,,,,,,,,,
,,,,,,,,,,,,,
,,,,,,,,,,,,,
,,,,,,,,,,,,,
,,,,,,,,,,,,,
,,,,,,,,,,,,,
,,,,,,,,,,,,,
,,,,,,,,,,,,,
,,,,,,,,,,,,,
,,,,,,,,,,,,,
,,,,,,,,,,,,,
,,,,,,,,,,,,,
,,,,,,,,,,,,,
,,,,,,,,,,,,,
,,,,,,,,,,,,,
,,,,,,,,,,,,,
,,,,,,,,,,,,,
,,,,,,,,,,,,,
,,,,,,,,,,,,,
,,,,,,,,,,,,,
,,,,,,,,,,,,,
,,,,,,,,,,,,,
,,,,,,,,,,,,,
,,,,,,,,,,,,,
,,,,,,,,,,,,,
,,,,,,,,,,,,,
,,,,,,,,,,,,,
,,,,,,,,,,,,,
,,,,,,,,,,,,,
,,,,,,,,,,,,,
,,,,,,,,,,,,,
,,,,,,,,,,,,,
,,,,,,,,,,,,,
,,,,,,,,,,,,,
,,,,,,,,,,,,,
,,,,,,,,,,,,,
,,,,,,,,,,,,,
,,,,,,,,,,,,,
,,,,,,,,,,,,,
,,,,,,,,,,,,,
,,,,,,,,,,,,,
,,,,,,,,,,,,,
,,,,,,,,,,,,,
,,,,,,,,,,,,,
,,,,,,,,,,,,,
,,,,,,,,,,,,,
,,,,,,,,,,,,,
,,,,,,,,,,,,,
,,,,,,,,,,,,,
,,,,,,,,,,,,,
,,,,,,,,,,,,,
,,,,,,,,,,,,,
,,,,,,,,,,,,,
,,,,,,,,,,,,,
,,,,,,,,,,,,,
,,,,,,,,,,,,,
,,,,,,,,,,,,,
,,,,,,,,,,,,,
,,,,,,,,,,,,,
,,,,,,,,,,,,,
,,,,,,,,,,,,,
,,,,,,,,,,,,,
,,,,,,,,,,,,,
,,,,,,,,,,,,,
,,,,,,,,,,,,,
,,,,,,,,,,,,,
,,,,,,,,,,,,,
,,,,,,,,,,,,,
,,,,,,,,,,,,,
,,,,,,,,,,,,,
,,,,,,,,,,,,,
,,,,,,,,,,,,,
,,,,,,,,,,,,,
,,,,,,,,,,,,,
,,,,,,,,,,,,,
,,,,,,,,,,,,,
,,,,,,,,,,,,,
,,,,,,,,,,,,,
,,,,,,,,,,,,,
,,,,,,,,,,,,,
,,,,,,,,,,,,,
,,,,,,,,,,,,,
,,,,,,,,,,,,,
,,,,,,,,,,,,,
,,,,,,,,,,,,,
,,,,,,,,,,,,,
,,,,,,,,,,,,,
,,,,,,,,,,,,,
,,,,,,,,,,,,,
,,,,,,,,,,,,,
,,,,,,,,,,,,,
,,,,,,,,,,,,,
,,,,,,,,,,,,,
,,,,,,,,,,,,,
,,,,,,,,,,,,,
,,,,,,,,,,,,,
,,,,,,,,,,,,,
,,,,,,,,,,,,,
,,,,,,,,,,,,,
,,,,,,,,,,,,,
,,,,,,,,,,,,,
,,,,,,,,,,,,,
,,,,,,,,,,,,,
,,,,,,,,,,,,,
,,,,,,,,,,,,,
,,,,,,,,,,,,,
,,,,,,,,,,,,,
,,,,,,,,,,,,,
,,,,,,,,,,,,,
,,,,,,,,,,,,,
,,,,,,,,,,,,,
,,,,,,,,,,,,,
,,,,,,,,,,,,,
,,,,,,,,,,,,,
,,,,,,,,,,,,,
,,,,,,,,,,,,,
,,,,,,,,,,,,,
,,,,,,,,,,,,,
,,,,,,,,,,,,,
,,,,,,,,,,,,,
,,,,,,,,,,,,,
,,,,,,,,,,,,,
,,,,,,,,,,,,,
,,,,,,,,,,,,,
,,,,,,,,,,,,,
,,,,,,,,,,,,,
,,,,,,,,,,,,,
,,,,,,,,,,,,,
,,,,,,,,,,,,,
,,,,,,,,,,,,,
,,,,,,,,,,,,,
,,,,,,,,,,,,,
,,,,,,,,,,,,,
,,,,,,,,,,,,,
,,,,,,,,,,,,,
,,,,,,,,,,,,,
,,,,,,,,,,,,,
,,,,,,,,,,,,,
,,,,,,,,,,,,,
,,,,,,,,,,,,,
,,,,,,,,,,,,,
,,,,,,,,,,,,,
,,,,,,,,,,,,,
,,,,,,,,,,,,,
,,,,,,,,,,,,,
,,,,,,,,,,,,,
,,,,,,,,,,,,,
,,,,,,,,,,,,,
,,,,,,,,,,,,,
,,,,,,,,,,,,,
,,,,,,,,,,,,,
,,,,,,,,,,,,,
,,,,,,,,,,,,,
,,,,,,,,,,,,,
,,,,,,,,,,,,,
,,,,,,,,,,,,,
,,,,,,,,,,,,,
,,,,,,,,,,,,,
,,,,,,,,,,,,,
,,,,,,,,,,,,,
,,,,,,,,,,,,,
,,,,,,,,,,,,,
,,,,,,,,,,,,,
,,,,,,,,,,,,,
,,,,,,,,,,,,,
,,,,,,,,,,,,,
,,,,,,,,,,,,,
,,,,,,,,,,,,,
,,,,,,,,,,,,,
,,,,,,,,,,,,,
,,,,,,,,,,,,,
,,,,,,,,,,,,,
,,,,,,,,,,,,,
,,,,,,,,,,,,,
,,,,,,,,,,,,,
,,,,,,,,,,,,,
,,,,,,,,,,,,,
,,,,,,,,,,,,,
,,,,,,,,,,,,,
,,,,,,,,,,,,,
,,,,,,,,,,,,,
,,,,,,,,,,,,,
,,,,,,,,,,,,,
,,,,,,,,,,,,,
,,,,,,,,,,,,,
,,,,,,,,,,,,,
,,,,,,,,,,,,,
,,,,,,,,,,,,,
,,,,,,,,,,,,,
,,,,,,,,,,,,,
,,,,,,,,,,,,,
,,,,,,,,,,,,,
,,,,,,,,,,,,,
,,,,,,,,,,,,,
,,,,,,,,,,,,,
,,,,,,,,,,,,,
,,,,,,,,,,,,,
,,,,,,,,,,,,,
,,,,,,,,,,,,,
,,,,,,,,,,,,,
,,,,,,,,,,,,,
,,,,,,,,,,,,,
,,,,,,,,,,,,,
,,,,,,,,,,,,,
,,,,,,,,,,,,,
,,,,,,,,,,,,,
,,,,,,,,,,,,,
,,,,,,,,,,,,,
,,,,,,,,,,,,,
,,,,,,,,,,,,,
,,,,,,,,,,,,,
,,,,,,,,,,,,,
,,,,,,,,,,,,,
,,,,,,,,,,,,,
,,,,,,,,,,,,,
,,,,,,,,,,,,,
,,,,,,,,,,,,,
,,,,,,,,,,,,,
,,,,,,,,,,,,,
,,,,,,,,,,,,,
,,,,,,,,,,,,,
,,,,,,,,,,,,,
,,,,,,,,,,,,,
,,,,,,,,,,,,,
,,,,,,,,,,,,,
,,,,,,,,,,,,,
,,,,,,,,,,,,,
,,,,,,,,,,,,,
,,,,,,,,,,,,,
,,,,,,,,,,,,,
,,,,,,,,,,,,,
,,,,,,,,,,,,,
,,,,,,,,,,,,,
,,,,,,,,,,,,,
,,,,,,,,,,,,,
,,,,,,,,,,,,,
,,,,,,,,,,,,,
,,,,,,,,,,,,,
,,,,,,,,,,,,,
,,,,,,,,,,,,,
,,,,,,,,,,,,,
,,,,,,,,,,,,,
,,,,,,,,,,,,,
,,,,,,,,,,,,,
,,,,,,,,,,,,,
,,,,,,,,,,,,,
,,,,,,,,,,,,,
,,,,,,,,,,,,,
,,,,,,,,,,,,,
,,,,,,,,,,,,,
,,,,,,,,,,,,,
,,,,,,,,,,,,,
,,,,,,,,,,,,,
,,,,,,,,,,,,,
,,,,,,,,,,,,,
,,,,,,,,,,,,,
,,,,,,,,,,,,,
,,,,,,,,,,,,,
,,,,,,,,,,,,,
,,,,,,,,,,,,,
,,,,,,,,,,,,,
,,,,,,,,,,,,,
,,,,,,,,,,,,,
,,,,,,,,,,,,,
,,,,,,,,,,,,,
,,,,,,,,,,,,,
,,,,,,,,,,,,,
,,,,,,,,,,,,,
,,,,,,,,,,,,,
,,,,,,,,,,,,,
,,,,,,,,,,,,,
,,,,,,,,,,,,,
,,,,,,,,,,,,,
,,,,,,,,,,,,,
,,,,,,,,,,,,,
,,,,,,,,,,,,,
,,,,,,,,,,,,,
,,,,,,,,,,,,,
,,,,,,,,,,,,,
,,,,,,,,,,,,,
,,,,,,,,,,,,,
,,,,,,,,,,,,,
,,,,,,,,,,,,,
,,,,,,,,,,,,,
,,,,,,,,,,,,,
,,,,,,,,,,,,,
,,,,,,,,,,,,,
,,,,,,,,,,,,,
,,,,,,,,,,,,,
,,,,,,,,,,,,,
,,,,,,,,,,,,,
,,,,,,,,,,,,,
,,,,,,,,,,,,,
,,,,,,,,,,,,,
,,,,,,,,,,,,,
,,,,,,,,,,,,,
,,,,,,,,,,,,,
,,,,,,,,,,,,,
,,,,,,,,,,,,,
,,,,,,,,,,,,,
,,,,,,,,,,,,,
,,,,,,,,,,,,,
,,,,,,,,,,,,,
,,,,,,,,,,,,,
,,,,,,,,,,,,,
,,,,,,,,,,,,,
,,,,,,,,,,,,,
,,,,,,,,,,,,,
,,,,,,,,,,,,,
,,,,,,,,,,,,,
,,,,,,,,,,,,,
,,,,,,,,,,,,,
,,,,,,,,,,,,,
,,,,,,,,,,,,,
,,,,,,,,,,,,,
,,,,,,,,,,,,,
,,,,,,,,,,,,,
,,,,,,,,,,,,,
,,,,,,,,,,,,,
,,,,,,,,,,,,,
,,,,,,,,,,,,,
,,,,,,,,,,,,,
,,,,,,,,,,,,,
,,,,,,,,,,,,,
,,,,,,,,,,,,,
,,,,,,,,,,,,,
,,,,,,,,,,,,,
,,,,,,,,,,,,,
,,,,,,,,,,,,,
,,,,,,,,,,,,,
,,,,,,,,,,,,,
,,,,,,,,,,,,,
,,,,,,,,,,,,,
,,,,,,,,,,,,,
,,,,,,,,,,,,,
,,,,,,,,,,,,,
,,,,,,,,,,,,,
,,,,,,,,,,,,,
,,,,,,,,,,,,,
,,,,,,,,,,,,,
,,,,,,,,,,,,,
,,,,,,,,,,,,,
,,,,,,,,,,,,,
,,,,,,,,,,,,,
,,,,,,,,,,,,,
,,,,,,,,,,,,,
,,,,,,,,,,,,,
,,,,,,,,,,,,,
,,,,,,,,,,,,,
,,,,,,,,,,,,,
,,,,,,,,,,,,,
,,,,,,,,,,,,,
,,,,,,,,,,,,,
,,,,,,,,,,,,,
,,,,,,,,,,,,,
,,,,,,,,,,,,,
,,,,,,,,,,,,,
,,,,,,,,,,,,,
,,,,,,,,,,,,,
,,,,,,,,,,,,,
,,,,,,,,,,,,,
,,,,,,,,,,,,,
,,,,,,,,,,,,,
,,,,,,,,,,,,,
,,,,,,,,,,,,,
,,,,,,,,,,,,,
,,,,,,,,,,,,,
,,,,,,,,,,,,,
,,,,,,,,,,,,,
,,,,,,,,,,,,,
,,,,,,,,,,,,,
,,,,,,,,,,,,,
,,,,,,,,,,,,,
,,,,,,,,,,,,,
,,,,,,,,,,,,,
,,,,,,,,,,,,,
,,,,,,,,,,,,,
,,,,,,,,,,,,,
,,,,,,,,,,,,,
,,,,,,,,,,,,,
,,,,,,,,,,,,,
,,,,,,,,,,,,,
,,,,,,,,,,,,,
,,,,,,,,,,,,,
,,,,,,,,,,,,,
,,,,,,,,,,,,,
,,,,,,,,,,,,,
,,,,,,,,,,,,,
,,,,,,,,,,,,,
,,,,,,,,,,,,,
,,,,,,,,,,,,,
,,,,,,,,,,,,,
,,,,,,,,,,,,,
,,,,,,,,,,,,,
,,,,,,,,,,,,,
,,,,,,,,,,,,,
,,,,,,,,,,,,,
,,,,,,,,,,,,,
,,,,,,,,,,,,,
,,,,,,,,,,,,,
,,,,,,,,,,,,,
,,,,,,,,,,,,,
,,,,,,,,,,,,,
,,,,,,,,,,,,,
,,,,,,,,,,,,,
,,,,,,,,,,,,,
,,,,,,,,,,,,,
,,,,,,,,,,,,,
,,,,,,,,,,,,,
,,,,,,,,,,,,,
,,,,,,,,,,,,,
,,,,,,,,,,,,,
,,,,,,,,,,,,,
,,,,,,,,,,,,,
,,,,,,,,,,,,,
,,,,,,,,,,,,,
,,,,,,,,,,,,,
,,,,,,,,,,,,,
,,,,,,,,,,,,,
,,,,,,,,,,,,,
,,,,,,,,,,,,,
,,,,,,,,,,,,,
,,,,,,,,,,,,,
,,,,,,,,,,,,,
,,,,,,,,,,,,,
,,,,,,,,,,,,,
,,,,,,,,,,,,,
,,,,,,,,,,,,,
,,,,,,,,,,,,,
,,,,,,,,,,,,,
,,,,,,,,,,,,,
,,,,,,,,,,,,,
,,,,,,,,,,,,,
,,,,,,,,,,,,,
,,,,,,,,,,,,,
,,,,,,,,,,,,,
,,,,,,,,,,,,,
,,,,,,,,,,,,,
,,,,,,,,,,,,,
,,,,,,,,,,,,,
,,,,,,,,,,,,,
,,,,,,,,,,,,,
,,,,,,,,,,,,,
,,,,,,,,,,,,,
,,,,,,,,,,,,,
,,,,,,,,,,,,,
,,,,,,,,,,,,,
,,,,,,,,,,,,,
,,,,,,,,,,,,,
,,,,,,,,,,,,,
,,,,,,,,,,,,,
,,,,,,,,,,,,,
,,,,,,,,,,,,,
,,,,,,,,,,,,,
,,,,,,,,,,,,,
,,,,,,,,,,,,,
,,,,,,,,,,,,,
,,,,,,,,,,,,,
,,,,,,,,,,,,,
,,,,,,,,,,,,,
,,,,,,,,,,,,,
,,,,,,,,,,,,,
,,,,,,,,,,,,,
,,,,,,,,,,,,,
,,,,,,,,,,,,,
,,,,,,,,,,,,,
,,,,,,,,,,,,,
,,,,,,,,,,,,,
,,,,,,,,,,,,,
,,,,,,,,,,,,,
,,,,,,,,,,,,,
,,,,,,,,,,,,,
,,,,,,,,,,,,,
,,,,,,,,,,,,,
,,,,,,,,,,,,,
,,,,,,,,,,,,,
,,,,,,,,,,,,,
,,,,,,,,,,,,,
,,,,,,,,,,,,,
,,,,,,,,,,,,,
,,,,,,,,,,,,,
,,,,,,,,,,,,,
,,,,,,,,,,,,,
,,,,,,,,,,,,,
,,,,,,,,,,,,,
,,,,,,,,,,,,,
,,,,,,,,,,,,,
,,,,,,,,,,,,,
,,,,,,,,,,,,,
,,,,,,,,,,,,,
,,,,,,,,,,,,,
,,,,,,,,,,,,,
,,,,,,,,,,,,,
,,,,,,,,,,,,,
,,,,,,,,,,,,,
,,,,,,,,,,,,,
,,,,,,,,,,,,,
,,,,,,,,,,,,,
,,,,,,,,,,,,,
,,,,,,,,,,,,,
,,,,,,,,,,,,,
,,,,,,,,,,,,,
,,,,,,,,,,,,,
,,,,,,,,,,,,,
,,,,,,,,,,,,,
,,,,,,,,,,,,,
,,,,,,,,,,,,,
,,,,,,,,,,,,,
,,,,,,,,,,,,,
,,,,,,,,,,,,,
,,,,,,,,,,,,,
,,,,,,,,,,,,,
,,,,,,,,,,,,,
,,,,,,,,,,,,,
,,,,,,,,,,,,,
,,,,,,,,,,,,,
,,,,,,,,,,,,,
,,,,,,,,,,,,,
,,,,,,,,,,,,,
,,,,,,,,,,,,,
,,,,,,,,,,,,,
,,,,,,,,,,,,,
,,,,,,,,,,,,,
,,,,,,,,,,,,,
,,,,,,,,,,,,,
,,,,,,,,,,,,,
,,,,,,,,,,,,,
,,,,,,,,,,,,,
,,,,,,,,,,,,,
,,,,,,,,,,,,,
,,,,,,,,,,,,,
,,,,,,,,,,,,,
,,,,,,,,,,,,,
,,,,,,,,,,,,,
,,,,,,,,,,,,,
,,,,,,,,,,,,,
,,,,,,,,,,,,,
,,,,,,,,,,,,,
,,,,,,,,,,,,,
,,,,,,,,,,,,,
,,,,,,,,,,,,,
,,,,,,,,,,,,,
,,,,,,,,,,,,,
,,,,,,,,,,,,,
,,,,,,,,,,,,,
,,,,,,,,,,,,,
,,,,,,,,,,,,,
,,,,,,,,,,,,,
,,,,,,,,,,,,,
,,,,,,,,,,,,,
,,,,,,,,,,,,,
,,,,,,,,,,,,,
,,,,,,,,,,,,,
,,,,,,,,,,,,,
,,,,,,,,,,,,,
,,,,,,,,,,,,,
,,,,,,,,,,,,,
,,,,,,,,,,,,,
,,,,,,,,,,,,,
,,,,,,,,,,,,,
,,,,,,,,,,,,,
,,,,,,,,,,,,,
,,,,,,,,,,,,,
,,,,,,,,,,,,,
,,,,,,,,,,,,,
,,,,,,,,,,,,,
,,,,,,,,,,,,,
,,,,,,,,,,,,,
,,,,,,,,,,,,,
,,,,,,,,,,,,,
,,,,,,,,,,,,,
,,,,,,,,,,,,,
,,,,,,,,,,,,,
,,,,,,,,,,,,,
,,,,,,,,,,,,,
,,,,,,,,,,,,,
,,,,,,,,,,,,,
,,,,,,,,,,,,,
,,,,,,,,,,,,,
,,,,,,,,,,,,,
,,,,,,,,,,,,,
,,,,,,,,,,,,,
,,,,,,,,,,,,,
,,,,,,,,,,,,,
,,,,,,,,,,,,,
,,,,,,,,,,,,,
,,,,,,,,,,,,,
,,,,,,,,,,,,,
,,,,,,,,,,,,,
,,,,,,,,,,,,,
,,,,,,,,,,,,,
,,,,,,,,,,,,,
,,,,,,,,,,,,,
,,,,,,,,,,,,,
,,,,,,,,,,,,,
,,,,,,,,,,,,,
,,,,,,,,,,,,,
,,,,,,,,,,,,,
,,,,,,,,,,,,,
,,,,,,,,,,,,,
,,,,,,,,,,,,,
,,,,,,,,,,,,,
,,,,,,,,,,,,,
,,,,,,,,,,,,,
,,,,,,,,,,,,,
,,,,,,,,,,,,,
,,,,,,,,,,,,,
,,,,,,,,,,,,,
,,,,,,,,,,,,,
,,,,,,,,,,,,,
,,,,,,,,,,,,,
,,,,,,,,,,,,,
,,,,,,,,,,,,,
,,,,,,,,,,,,,
,,,,,,,,,,,,,
,,,,,,,,,,,,,
,,,,,,,,,,,,,
,,,,,,,,,,,,,
,,,,,,,,,,,,,
,,,,,,,,,,,,,
,,,,,,,,,,,,,
,,,,,,,,,,,,,
,,,,,,,,,,,,,
,,,,,,,,,,,,,
,,,,,,,,,,,,,
,,,,,,,,,,,,,
,,,,,,,,,,,,,
,,,,,,,,,,,,,
,,,,,,,,,,,,,
,,,,,,,,,,,,,
,,,,,,,,,,,,,
,,,,,,,,,,,,,
,,,,,,,,,,,,,
,,,,,,,,,,,,,
,,,,,,,,,,,,,
,,,,,,,,,,,,,
,,,,,,,,,,,,,
,,,,,,,,,,,,,
,,,,,,,,,,,,,
,,,,,,,,,,,,,
,,,,,,,,,,,,,
,,,,,,,,,,,,,
,,,,,,,,,,,,,
,,,,,,,,,,,,,
,,,,,,,,,,,,,
,,,,,,,,,,,,,
,,,,,,,,,,,,,
,,,,,,,,,,,,,
,,,,,,,,,,,,,
,,,,,,,,,,,,,
,,,,,,,,,,,,,
,,,,,,,,,,,,,
,,,,,,,,,,,,,
,,,,,,,,,,,,,
,,,,,,,,,,,,,
,,,,,,,,,,,,,
,,,,,,,,,,,,,
,,,,,,,,,,,,,
,,,,,,,,,,,,,
,,,,,,,,,,,,,
,,,,,,,,,,,,,
,,,,,,,,,,,,,
,,,,,,,,,,,,,
,,,,,,,,,,,,,
,,,,,,,,,,,,,
,,,,,,,,,,,,,
,,,,,,,,,,,,,
,,,,,,,,,,,,,
,,,,,,,,,,,,,
,,,,,,,,,,,,,
,,,,,,,,,,,,,
,,,,,,,,,,,,,
,,,,,,,,,,,,,
,,,,,,,,,,,,,
,,,,,,,,,,,,,
,,,,,,,,,,,,,
,,,,,,,,,,,,,
,,,,,,,,,,,,,
,,,,,,,,,,,,,
,,,,,,,,,,,,,
,,,,,,,,,,,,,
,,,,,,,,,,,,,
,,,,,,,,,,,,,
,,,,,,,,,,,,,
,,,,,,,,,,,,,
,,,,,,,,,,,,,
,,,,,,,,,,,,,
,,,,,,,,,,,,,
,,,,,,,,,,,,,
,,,,,,,,,,,,,
,,,,,,,,,,,,,
,,,,,,,,,,,,,
,,,,,,,,,,,,,
,,,,,,,,,,,,,
,,,,,,,,,,,,,
,,,,,,,,,,,,,
,,,,,,,,,,,,,
,,,,,,,,,,,,,
,,,,,,,,,,,,,
,,,,,,,,,,,,,
,,,,,,,,,,,,,
,,,,,,,,,,,,,
,,,,,,,,,,,,,
,,,,,,,,,,,,,
,,,,,,,,,,,,,
,,,,,,,,,,,,,
,,,,,,,,,,,,,
,,,,,,,,,,,,,
,,,,,,,,,,,,,
,,,,,,,,,,,,,
,,,,,,,,,,,,,
,,,,,,,,,,,,,
,,,,,,,,,,,,,
,,,,,,,,,,,,,
,,,,,,,,,,,,,
,,,,,,,,,,,,,
,,,,,,,,,,,,,
,,,,,,,,,,,,,
,,,,,,,,,,,,,
,,,,,,,,,,,,,
,,,,,,,,,,,,,
,,,,,,,,,,,,,
,,,,,,,,,,,,,
,,,,,,,,,,,,,
,,,,,,,,,,,,,
,,,,,,,,,,,,,
,,,,,,,,,,,,,
,,,,,,,,,,,,,
,,,,,,,,,,,,,
,,,,,,,,,,,,,
,,,,,,,,,,,,,
,,,,,,,,,,,,,
,,,,,,,,,,,,,
,,,,,,,,,,,,,
,,,,,,,,,,,,,
,,,,,,,,,,,,,
,,,,,,,,,,,,,
,,,,,,,,,,,,,
,,,,,,,,,,,,,
,,,,,,,,,,,,,
,,,,,,,,,,,,,
,,,,,,,,,,,,,
,,,,,,,,,,,,,
,,,,,,,,,,,,,
,,,,,,,,,,,,,
,,,,,,,,,,,,,
,,,,,,,,,,,,,
,,,,,,,,,,,,,
,,,,,,,,,,,,,
,,,,,,,,,,,,,
,,,,,,,,,,,,,
,,,,,,,,,,,,,
,,,,,,,,,,,,,
,,,,,,,,,,,,,
,,,,,,,,,,,,,
,,,,,,,,,,,,,
,,,,,,,,,,,,,
,,,,,,,,,,,,,
,,,,,,,,,,,,,
,,,,,,,,,,,,,
,,,,,,,,,,,,,
,,,,,,,,,,,,,
,,,,,,,,,,,,,
,,,,,,,,,,,,,
,,,,,,,,,,,,,
,,,,,,,,,,,,,
,,,,,,,,,,,,,
,,,,,,,,,,,,,
,,,,,,,,,,,,,
,,,,,,,,,,,,,
,,,,,,,,,,,,,
,,,,,,,,,,,,,
,,,,,,,,,,,,,
,,,,,,,,,,,,,
,,,,,,,,,,,,,
,,,,,,,,,,,,,
,,,,,,,,,,,,,
,,,,,,,,,,,,,
,,,,,,,,,,,,,
,,,,,,,,,,,,,
,,,,,,,,,,,,,
,,,,,,,,,,,,,
,,,,,,,,,,,,,
,,,,,,,,,,,,,
,,,,,,,,,,,,,
,,,,,,,,,,,,,
,,,,,,,,,,,,,
,,,,,,,,,,,,,
,,,,,,,,,,,,,
,,,,,,,,,,,,,
,,,,,,,,,,,,,
,,,,,,,,,,,,,
,,,,,,,,,,,,,
,,,,,,,,,,,,,
,,,,,,,,,,,,,
,,,,,,,,,,,,,
,,,,,,,,,,,,,
,,,,,,,,,,,,,
,,,,,,,,,,,,,
,,,,,,,,,,,,,
,,,,,,,,,,,,,
,,,,,,,,,,,,,
,,,,,,,,,,,,,
,,,,,,,,,,,,,
,,,,,,,,,,,,,
,,,,,,,,,,,,,
,,,,,,,,,,,,,
,,,,,,,,,,,,,
,,,,,,,,,,,,,
,,,,,,,,,,,,,
,,,,,,,,,,,,,
,,,,,,,,,,,,,
,,,,,,,,,,,,,
,,,,,,,,,,,,,
,,,,,,,,,,,,,
,,,,,,,,,,,,,
,,,,,,,,,,,,,
,,,,,,,,,,,,,
,,,,,,,,,,,,,
,,,,,,,,,,,,,
,,,,,,,,,,,,,
,,,,,,,,,,,,,
,,,,,,,,,,,,,
,,,,,,,,,,,,,
,,,,,,,,,,,,,
,,,,,,,,,,,,,
,,,,,,,,,,,,,
,,,,,,,,,,,,,
,,,,,,,,,,,,,
,,,,,,,,,,,,,
,,,,,,,,,,,,,
,,,,,,,,,,,,,
,,,,,,,,,,,,,
,,,,,,,,,,,,,
,,,,,,,,,,,,,
,,,,,,,,,,,,,
,,,,,,,,,,,,,
,,,,,,,,,,,,,
,,,,,,,,,,,,,
,,,,,,,,,,,,,
,,,,,,,,,,,,,
,,,,,,,,,,,,,
,,,,,,,,,,,,,
,,,,,,,,,,,,,
,,,,,,,,,,,,,
,,,,,,,,,,,,,
,,,,,,,,,,,,,
,,,,,,,,,,,,,
,,,,,,,,,,,,,
,,,,,,,,,,,,,
,,,,,,,,,,,,,
,,,,,,,,,,,,,
,,,,,,,,,,,,,
,,,,,,,,,,,,,
,,,,,,,,,,,,,
,,,,,,,,,,,,,
,,,,,,,,,,,,,
,,,,,,,,,,,,,
,,,,,,,,,,,,,
,,,,,,,,,,,,,
,,,,,,,,,,,,,
,,,,,,,,,,,,,
,,,,,,,,,,,,,
,,,,,,,,,,,,,
,,,,,,,,,,,,,
,,,,,,,,,,,,,
,,,,,,,,,,,,,
,,,,,,,,,,,,,
,,,,,,,,,,,,,
,,,,,,,,,,,,,
,,,,,,,,,,,,,
,,,,,,,,,,,,,
,,,,,,,,,,,,,
,,,,,,,,,,,,,
,,,,,,,,,,,,,
,,,,,,,,,,,,,
,,,,,,,,,,,,,
,,,,,,,,,,,,,
,,,,,,,,,,,,,
,,,,,,,,,,,,,
,,,,,,,,,,,,,
,,,,,,,,,,,,,
,,,,,,,,,,,,,
,,,,,,,,,,,,,
,,,,,,,,,,,,,
,,,,,,,,,,,,,
,,,,,,,,,,,,,
,,,,,,,,,,,,,
,,,,,,,,,,,,,
,,,,,,,,,,,,,
,,,,,,,,,,,,,
,,,,,,,,,,,,,
,,,,,,,,,,,,,
,,,,,,,,,,,,,
,,,,,,,,,,,,,
,,,,,,,,,,,,,
,,,,,,,,,,,,,
,,,,,,,,,,,,,
,,,,,,,,,,,,,
,,,,,,,,,,,,,
,,,,,,,,,,,,,
,,,,,,,,,,,,,
,,,,,,,,,,,,,
,,,,,,,,,,,,,
,,,,,,,,,,,,,
,,,,,,,,,,,,,
,,,,,,,,,,,,,
,,,,,,,,,,,,,
,,,,,,,,,,,,,
,,,,,,,,,,,,,
,,,,,,,,,,,,,
,,,,,,,,,,,,,
,,,,,,,,,,,,,
,,,,,,,,,,,,,
,,,,,,,,,,,,,
,,,,,,,,,,,,,
,,,,,,,,,,,,,
,,,,,,,,,,,,,
,,,,,,,,,,,,,
,,,,,,,,,,,,,
,,,,,,,,,,,,,
,,,,,,,,,,,,,
,,,,,,,,,,,,,
,,,,,,,,,,,,,
,,,,,,,,,,,,,
,,,,,,,,,,,,,
,,,,,,,,,,,,,
,,,,,,,,,,,,,
,,,,,,,,,,,,,
,,,,,,,,,,,,,
,,,,,,,,,,,,,
,,,,,,,,,,,,,
,,,,,,,,,,,,,
,,,,,,,,,,,,,
,,,,,,,,,,,,,
,,,,,,,,,,,,,
,,,,,,,,,,,,,
,,,,,,,,,,,,,
,,,,,,,,,,,,,
,,,,,,,,,,,,,
,,,,,,,,,,,,,
,,,,,,,,,,,,,
,,,,,,,,,,,,,
,,,,,,,,,,,,,
,,,,,,,,,,,,,
,,,,,,,,,,,,,
,,,,,,,,,,,,,
,,,,,,,,,,,,,
,,,,,,,,,,,,,
,,,,,,,,,,,,,
,,,,,,,,,,,,,
,,,,,,,,,,,,,
,,,,,,,,,,,,,
,,,,,,,,,,,,,
,,,,,,,,,,,,,
,,,,,,,,,,,,,
,,,,,,,,,,,,,
,,,,,,,,,,,,,
,,,,,,,,,,,,,
,,,,,,,,,,,,,
,,,,,,,,,,,,,
,,,,,,,,,,,,,
,,,,,,,,,,,,,
,,,,,,,,,,,,,
,,,,,,,,,,,,,
,,,,,,,,,,,,,
,,,,,,,,,,,,,
,,,,,,,,,,,,,
,,,,,,,,,,,,,
,,,,,,,,,,,,,
,,,,,,,,,,,,,
,,,,,,,,,,,,,
,,,,,,,,,,,,,
,,,,,,,,,,,,,
,,,,,,,,,,,,,
,,,,,,,,,,,,,
,,,,,,,,,,,,,
,,,,,,,,,,,,,
,,,,,,,,,,,,,
,,,,,,,,,,,,,
,,,,,,,,,,,,,
,,,,,,,,,,,,,
,,,,,,,,,,,,,
,,,,,,,,,,,,,
,,,,,,,,,,,,,
,,,,,,,,,,,,,
,,,,,,,,,,,,,
,,,,,,,,,,,,,
,,,,,,,,,,,,,
,,,,,,,,,,,,,
,,,,,,,,,,,,,
,,,,,,,,,,,,,
,,,,,,,,,,,,,
,,,,,,,,,,,,,
,,,,,,,,,,,,,
,,,,,,,,,,,,,
,,,,,,,,,,,,,
,,,,,,,,,,,,,
,,,,,,,,,,,,,
,,,,,,,,,,,,,
,,,,,,,,,,,,,
,,,,,,,,,,,,,
,,,,,,,,,,,,,
,,,,,,,,,,,,,
,,,,,,,,,,,,,
,,,,,,,,,,,,,
,,,,,,,,,,,,,
,,,,,,,,,,,,,
,,,,,,,,,,,,,
,,,,,,,,,,,,,
,,,,,,,,,,,,,
,,,,,,,,,,,,,
,,,,,,,,,,,,,
,,,,,,,,,,,,,
,,,,,,,,,,,,,
,,,,,,,,,,,,,
,,,,,,,,,,,,,
,,,,,,,,,,,,,
,,,,,,,,,,,,,
,,,,,,,,,,,,,
,,,,,,,,,,,,,
,,,,,,,,,,,,,
,,,,,,,,,,,,,
,,,,,,,,,,,,,
,,,,,,,,,,,,,
,,,,,,,,,,,,,
,,,,,,,,,,,,,
,,,,,,,,,,,,,
,,,,,,,,,,,,,
,,,,,,,,,,,,,
,,,,,,,,,,,,,
,,,,,,,,,,,,,
,,,,,,,,,,,,,
,,,,,,,,,,,,,
,,,,,,,,,,,,,
,,,,,,,,,,,,,
,,,,,,,,,,,,,
,,,,,,,,,,,,,
,,,,,,,,,,,,,
,,,,,,,,,,,,,
,,,,,,,,,,,,,
,,,,,,,,,,,,,
,,,,,,,,,,,,,
,,,,,,,,,,,,,
,,,,,,,,,,,,,
,,,,,,,,,,,,,
,,,,,,,,,,,,,
,,,,,,,,,,,,,
,,,,,,,,,,,,,
,,,,,,,,,,,,,
,,,,,,,,,,,,,
,,,,,,,,,,,,,
,,,,,,,,,,,,,
,,,,,,,,,,,,,
,,,,,,,,,,,,,
,,,,,,,,,,,,,
,,,,,,,,,,,,,
,,,,,,,,,,,,,
,,,,,,,,,,,,,
,,,,,,,,,,,,,
,,,,,,,,,,,,,
,,,,,,,,,,,,,
,,,,,,,,,,,,,
,,,,,,,,,,,,,
,,,,,,,,,,,,,
,,,,,,,,,,,,,
,,,,,,,,,,,,,
,,,,,,,,,,,,,
,,,,,,,,,,,,,
,,,,,,,,,,,,,
,,,,,,,,,,,,,
,,,,,,,,,,,,,
,,,,,,,,,,,,,
,,,,,,,,,,,,,
,,,,,,,,,,,,,
,,,,,,,,,,,,,
,,,,,,,,,,,,,
,,,,,,,,,,,,,
,,,,,,,,,,,,,
,,,,,,,,,,,,,
,,,,,,,,,,,,,
,,,,,,,,,,,,,
,,,,,,,,,,,,,
,,,,,,,,,,,,,
,,,,,,,,,,,,,
,,,,,,,,,,,,,
,,,,,,,,,,,,,
,,,,,,,,,,,,,
,,,,,,,,,,,,,
,,,,,,,,,,,,,
,,,,,,,,,,,,,
,,,,,,,,,,,,,
,,,,,,,,,,,,,
,,,,,,,,,,,,,
,,,,,,,,,,,,,
,,,,,,,,,,,,,
,,,,,,,,,,,,,
,,,,,,,,,,,,,
,,,,,,,,,,,,,
,,,,,,,,,,,,,
,,,,,,,,,,,,,
,,,,,,,,,,,,,
,,,,,,,,,,,,,
,,,,,,,,,,,,,
,,,,,,,,,,,,,
,,,,,,,,,,,,,
,,,,,,,,,,,,,
,,,,,,,,,,,,,
,,,,,,,,,,,,,
,,,,,,,,,,,,,
,,,,,,,,,,,,,
,,,,,,,,,,,,,
,,,,,,,,,,,,,
,,,,,,,,,,,,,
,,,,,,,,,,,,,
,,,,,,,,,,,,,
,,,,,,,,,,,,,
,,,,,,,,,,,,,
,,,,,,,,,,,,,
,,,,,,,,,,,,,
,,,,,,,,,,,,,
,,,,,,,,,,,,,
,,,,,,,,,,,,,
,,,,,,,,,,,,,
,,,,,,,,,,,,,
,,,,,,,,,,,,,
,,,,,,,,,,,,,
,,,,,,,,,,,,,
,,,,,,,,,,,,,
,,,,,,,,,,,,,
,,,,,,,,,,,,,
,,,,,,,,,,,,,
,,,,,,,,,,,,,
,,,,,,,,,,,,,
,,,,,,,,,,,,,
,,,,,,,,,,,,,
,,,,,,,,,,,,,
,,,,,,,,,,,,,
,,,,,,,,,,,,,
,,,,,,,,,,,,,
,,,,,,,,,,,,,
,,,,,,,,,,,,,
,,,,,,,,,,,,,
,,,,,,,,,,,,,
,,,,,,,,,,,,,
,,,,,,,,,,,,,
,,,,,,,,,,,,,
,,,,,,,,,,,,,
,,,,,,,,,,,,,
,,,,,,,,,,,,,
,,,,,,,,,,,,,
,,,,,,,,,,,,,
,,,,,,,,,,,,,
,,,,,,,,,,,,,
,,,,,,,,,,,,,
,,,,,,,,,,,,,
,,,,,,,,,,,,,
,,,,,,,,,,,,,
,,,,,,,,,,,,,
,,,,,,,,,,,,,
,,,,,,,,,,,,,
,,,,,,,,,,,,,
,,,,,,,,,,,,,
,,,,,,,,,,,,,
,,,,,,,,,,,,,
,,,,,,,,,,,,,
,,,,,,,,,,,,,
,,,,,,,,,,,,,
,,,,,,,,,,,,,
,,,,,,,,,,,,,
,,,,,,,,,,,,,
,,,,,,,,,,,,,
,,,,,,,,,,,,,
,,,,,,,,,,,,,
,,,,,,,,,,,,,
,,,,,,,,,,,,,
,,,,,,,,,,,,,
,,,,,,,,,,,,,
,,,,,,,,,,,,,
,,,,,,,,,,,,,
,,,,,,,,,,,,,
,,,,,,,,,,,,,
,,,,,,,,,,,,,
,,,,,,,,,,,,,
,,,,,,,,,,,,,
,,,,,,,,,,,,,
,,,,,,,,,,,,,
,,,,,,,,,,,,,
,,,,,,,,,,,,,
,,,,,,,,,,,,,
,,,,,,,,,,,,,
,,,,,,,,,,,,,
,,,,,,,,,,,,,
,,,,,,,,,,,,,
,,,,,,,,,,,,,
,,,,,,,,,,,,,
,,,,,,,,,,,,,
,,,,,,,,,,,,,
,,,,,,,,,,,,,
,,,,,,,,,,,,,
,,,,,,,,,,,,,
,,,,,,,,,,,,,
,,,,,,,,,,,,,
,,,,,,,,,,,,,
,,,,,,,,,,,,,
,,,,,,,,,,,,,
,,,,,,,,,,,,,
,,,,,,,,,,,,,
,,,,,,,,,,,,,
,,,,,,,,,,,,,
,,,,,,,,,,,,,
,,,,,,,,,,,,,
,,,,,,,,,,,,,
,,,,,,,,,,,,,
,,,,,,,,,,,,,
,,,,,,,,,,,,,
,,,,,,,,,,,,,
,,,,,,,,,,,,,
,,,,,,,,,,,,,
,,,,,,,,,,,,,
,,,,,,,,,,,,,
,,,,,,,,,,,,,
,,,,,,,,,,,,,
,,,,,,,,,,,,,
,,,,,,,,,,,,,
,,,,,,,,,,,,,
,,,,,,,,,,,,,
,,,,,,,,,,,,,
,,,,,,,,,,,,,
,,,,,,,,,,,,,
,,,,,,,,,,,,,
,,,,,,,,,,,,,
,,,,,,,,,,,,,
,,,,,,,,,,,,,
,,,,,,,,,,,,,
,,,,,,,,,,,,,
,,,,,,,,,,,,,
,,,,,,,,,,,,,
,,,,,,,,,,,,,
,,,,,,,,,,,,,
,,,,,,,,,,,,,
,,,,,,,,,,,,,
,,,,,,,,,,,,,
,,,,,,,,,,,,,
,,,,,,,,,,,,,
,,,,,,,,,,,,,
,,,,,,,,,,,,,
,,,,,,,,,,,,,
,,,,,,,,,,,,,
,,,,,,,,,,,,,
,,,,,,,,,,,,,
,,,,,,,,,,,,,
,,,,,,,,,,,,,
,,,,,,,,,,,,,
,,,,,,,,,,,,,
,,,,,,,,,,,,,
,,,,,,,,,,,,,
,,,,,,,,,,,,,
,,,,,,,,,,,,,
,,,,,,,,,,,,,
,,,,,,,,,,,,,
,,,,,,,,,,,,,
,,,,,,,,,,,,,
,,,,,,,,,,,,,
,,,,,,,,,,,,,
,,,,,,,,,,,,,
,,,,,,,,,,,,,
,,,,,,,,,,,,,
,,,,,,,,,,,,,
,,,,,,,,,,,,,
,,,,,,,,,,,,,
,,,,,,,,,,,,,
,,,,,,,,,,,,,
,,,,,,,,,,,,,
,,,,,,,,,,,,,
,,,,,,,,,,,,,
,,,,,,,,,,,,,
,,,,,,,,,,,,,
,,,,,,,,,,,,,
,,,,,,,,,,,,,
,,,,,,,,,,,,,
,,,,,,,,,,,,,
,,,,,,,,,,,,,
,,,,,,,,,,,,,
,,,,,,,,,,,,,
,,,,,,,,,,,,,
,,,,,,,,,,,,,
,,,,,,,,,,,,,
,,,,,,,,,,,,,
,,,,,,,,,,,,,
,,,,,,,,,,,,,
,,,,,,,,,,,,,
,,,,,,,,,,,,,
,,,,,,,,,,,,,
,,,,,,,,,,,,,
,,,,,,,,,,,,,
,,,,,,,,,,,,,
,,,,,,,,,,,,,
,,,,,,,,,,,,,
,,,,,,,,,,,,,
,,,,,,,,,,,,,
,,,,,,,,,,,,,
,,,,,,,,,,,,,
,,,,,,,,,,,,,
,,,,,,,,,,,,,
,,,,,,,,,,,,,
,,,,,,,,,,,,,
,,,,,,,,,,,,,
,,,,,,,,,,,,,
,,,,,,,,,,,,,
,,,,,,,,,,,,,
,,,,,,,,,,,,,
,,,,,,,,,,,,,
,,,,,,,,,,,,,
,,,,,,,,,,,,,
,,,,,,,,,,,,,
,,,,,,,,,,,,,
,,,,,,,,,,,,,
,,,,,,,,,,,,,
,,,,,,,,,,,,,
,,,,,,,,,,,,,
,,,,,,,,,,,,,
,,,,,,,,,,,,,
,,,,,,,,,,,,,
,,,,,,,,,,,,,
,,,,,,,,,,,,,
,,,,,,,,,,,,,
,,,,,,,,,,,,,
,,,,,,,,,,,,,
,,,,,,,,,,,,,
,,,,,,,,,,,,,
,,,,,,,,,,,,,
,,,,,,,,,,,,,
,,,,,,,,,,,,,
,,,,,,,,,,,,,
,,,,,,,,,,,,,
,,,,,,,,,,,,,
,,,,,,,,,,,,,
,,,,,,,,,,,,,
,,,,,,,,,,,,,
,,,,,,,,,,,,,
,,,,,,,,,,,,,
,,,,,,,,,,,,,
,,,,,,,,,,,,,
,,,,,,,,,,,,,
,,,,,,,,,,,,,
,,,,,,,,,,,,,
,,,,,,,,,,,,,
,,,,,,,,,,,,,
,,,,,,,,,,,,,
,,,,,,,,,,,,,
,,,,,,,,,,,,,
,,,,,,,,,,,,,
,,,,,,,,,,,,,
,,,,,,,,,,,,,
,,,,,,,,,,,,,
,,,,,,,,,,,,,
,,,,,,,,,,,,,
,,,,,,,,,,,,,
,,,,,,,,,,,,,
,,,,,,,,,,,,,
,,,,,,,,,,,,,
,,,,,,,,,,,,,
,,,,,,,,,,,,,
,,,,,,,,,,,,,
,,,,,,,,,,,,,
,,,,,,,,,,,,,
,,,,,,,,,,,,,
,,,,,,,,,,,,,
,,,,,,,,,,,,,
,,,,,,,,,,,,,
,,,,,,,,,,,,,
,,,,,,,,,,,,,
,,,,,,,,,,,,,
,,,,,,,,,,,,,
,,,,,,,,,,,,,
,,,,,,,,,,,,,
,,,,,,,,,,,,,
,,,,,,,,,,,,,
,,,,,,,,,,,,,
,,,,,,,,,,,,,
,,,,,,,,,,,,,
,,,,,,,,,,,,,
,,,,,,,,,,,,,
,,,,,,,,,,,,,
,,,,,,,,,,,,,
,,,,,,,,,,,,,
,,,,,,,,,,,,,
,,,,,,,,,,,,,
,,,,,,,,,,,,,
,,,,,,,,,,,,,
,,,,,,,,,,,,,
,,,,,,,,,,,,,
,,,,,,,,,,,,,
,,,,,,,,,,,,,
,,,,,,,,,,,,,
,,,,,,,,,,,,,
,,,,,,,,,,,,,
,,,,,,,,,,,,,
,,,,,,,,,,,,,
,,,,,,,,,,,,,
,,,,,,,,,,,,,
,,,,,,,,,,,,,
,,,,,,,,,,,,,
,,,,,,,,,,,,,
,,,,,,,,,,,,,
,,,,,,,,,,,,,
,,,,,,,,,,,,,
,,,,,,,,,,,,,
,,,,,,,,,,,,,
,,,,,,,,,,,,,
,,,,,,,,,,,,,
,,,,,,,,,,,,,
,,,,,,,,,,,,,
,,,,,,,,,,,,,
,,,,,,,,,,,,,
,,,,,,,,,,,,,
,,,,,,,,,,,,,
,,,,,,,,,,,,,
,,,,,,,,,,,,,
,,,,,,,,,,,,,
,,,,,,,,,,,,,
,,,,,,,,,,,,,
,,,,,,,,,,,,,
,,,,,,,,,,,,,
,,,,,,,,,,,,,
,,,,,,,,,,,,,
,,,,,,,,,,,,,
,,,,,,,,,,,,,
,,,,,,,,,,,,,
,,,,,,,,,,,,,
,,,,,,,,,,,,,
,,,,,,,,,,,,,
,,,,,,,,,,,,,
,,,,,,,,,,,,,
,,,,,,,,,,,,,
,,,,,,,,,,,,,
,,,,,,,,,,,,,
,,,,,,,,,,,,,
,,,,,,,,,,,,,
,,,,,,,,,,,,,
,,,,,,,,,,,,,
,,,,,,,,,,,,,
,,,,,,,,,,,,,
,,,,,,,,,,,,,
,,,,,,,,,,,,,
,,,,,,,,,,,,,
,,,,,,,,,,,,,
,,,,,,,,,,,,,
,,,,,,,,,,,,,
,,,,,,,,,,,,,
,,,,,,,,,,,,,
,,,,,,,,,,,,,
,,,,,,,,,,,,,
,,,,,,,,,,,,,
,,,,,,,,,,,,,
,,,,,,,,,,,,,
,,,,,,,,,,,,,
,,,,,,,,,,,,,
,,,,,,,,,,,,,
,,,,,,,,,,,,,
,,,,,,,,,,,,,
,,,,,,,,,,,,,
,,,,,,,,,,,,,
,,,,,,,,,,,,,
,,,,,,,,,,,,,
,,,,,,,,,,,,,
,,,,,,,,,,,,,
,,,,,,,,,,,,,
,,,,,,,,,,,,,
,,,,,,,,,,,,,
,,,,,,,,,,,,,
,,,,,,,,,,,,,
,,,,,,,,,,,,,
,,,,,,,,,,,,,
,,,,,,,,,,,,,
,,,,,,,,,,,,,
,,,,,,,,,,,,,
,,,,,,,,,,,,,
,,,,,,,,,,,,,
,,,,,,,,,,,,,
,,,,,,,,,,,,,
,,,,,,,,,,,,,
,,,,,,,,,,,,,
,,,,,,,,,,,,,
,,,,,,,,,,,,,
,,,,,,,,,,,,,
,,,,,,,,,,,,,
,,,,,,,,,,,,,
,,,,,,,,,,,,,
,,,,,,,,,,,,,
,,,,,,,,,,,,,
,,,,,,,,,,,,,
,,,,,,,,,,,,,
,,,,,,,,,,,,,
,,,,,,,,,,,,,
,,,,,,,,,,,,,
,,,,,,,,,,,,,
,,,,,,,,,,,,,
,,,,,,,,,,,,,
,,,,,,,,,,,,,
,,,,,,,,,,,,,
,,,,,,,,,,,,,
,,,,,,,,,,,,,
,,,,,,,,,,,,,
,,,,,,,,,,,,,
,,,,,,,,,,,,,
,,,,,,,,,,,,,
,,,,,,,,,,,,,
,,,,,,,,,,,,,
,,,,,,,,,,,,,
,,,,,,,,,,,,,
,,,,,,,,,,,,,
,,,,,,,,,,,,,
,,,,,,,,,,,,,
,,,,,,,,,,,,,
,,,,,,,,,,,,,
,,,,,,,,,,,,,
,,,,,,,,,,,,,
,,,,,,,,,,,,,
,,,,,,,,,,,,,
,,,,,,,,,,,,,
,,,,,,,,,,,,,
,,,,,,,,,,,,,
,,,,,,,,,,,,,
,,,,,,,,,,,,,
,,,,,,,,,,,,,
,,,,,,,,,,,,,
,,,,,,,,,,,,,
,,,,,,,,,,,,,
,,,,,,,,,,,,,
,,,,,,,,,,,,,
,,,,,,,,,,,,,
,,,,,,,,,,,,,
,,,,,,,,,,,,,
,,,,,,,,,,,,,
,,,,,,,,,,,,,
,,,,,,,,,,,,,
,,,,,,,,,,,,,
,,,,,,,,,,,,,
,,,,,,,,,,,,,
,,,,,,,,,,,,,
,,,,,,,,,,,,,
,,,,,,,,,,,,,
,,,,,,,,,,,,,
,,,,,,,,,,,,,
,,,,,,,,,,,,,
,,,,,,,,,,,,,
,,,,,,,,,,,,,
,,,,,,,,,,,,,
,,,,,,,,,,,,,
,,,,,,,,,,,,,
,,,,,,,,,,,,,
,,,,,,,,,,,,,
,,,,,,,,,,,,,
,,,,,,,,,,,,,
,,,,,,,,,,,,,
,,,,,,,,,,,,,
,,,,,,,,,,,,,
,,,,,,,,,,,,,
,,,,,,,,,,,,,
,,,,,,,,,,,,,
,,,,,,,,,,,,,
,,,,,,,,,,,,,
,,,,,,,,,,,,,
,,,,,,,,,,,,,
,,,,,,,,,,,,,
,,,,,,,,,,,,,
,,,,,,,,,,,,,
,,,,,,,,,,,,,
,,,,,,,,,,,,,
,,,,,,,,,,,,,
,,,,,,,,,,,,,
,,,,,,,,,,,,,
,,,,,,,,,,,,,
,,,,,,,,,,,,,
,,,,,,,,,,,,,
,,,,,,,,,,,,,
,,,,,,,,,,,,,
,,,,,,,,,,,,,
,,,,,,,,,,,,,
,,,,,,,,,,,,,
,,,,,,,,,,,,,
,,,,,,,,,,,,,
,,,,,,,,,,,,,
,,,,,,,,,,,,,
,,,,,,,,,,,,,
,,,,,,,,,,,,,
,,,,,,,,,,,,,
,,,,,,,,,,,,,
,,,,,,,,,,,,,
,,,,,,,,,,,,,
,,,,,,,,,,,,,
,,,,,,,,,,,,,
,,,,,,,,,,,,,
,,,,,,,,,,,,,
,,,,,,,,,,,,,
,,,,,,,,,,,,,
,,,,,,,,,,,,,
,,,,,,,,,,,,,
,,,,,,,,,,,,,
,,,,,,,,,,,,,
,,,,,,,,,,,,,
,,,,,,,,,,,,,
,,,,,,,,,,,,,
,,,,,,,,,,,,,
,,,,,,,,,,,,,
,,,,,,,,,,,,,
,,,,,,,,,,,,,
,,,,,,,,,,,,,
,,,,,,,,,,,,,
,,,,,,,,,,,,,
,,,,,,,,,,,,,
,,,,,,,,,,,,,
,,,,,,,,,,,,,
,,,,,,,,,,,,,
,,,,,,,,,,,,,
,,,,,,,,,,,,,
,,,,,,,,,,,,,
,,,,,,,,,,,,,
,,,,,,,,,,,,,
,,,,,,,,,,,,,
,,,,,,,,,,,,,
,,,,,,,,,,,,,
,,,,,,,,,,,,,
,,,,,,,,,,,,,
,,,,,,,,,,,,,
,,,,,,,,,,,,,
,,,,,,,,,,,,,
,,,,,,,,,,,,,
,,,,,,,,,,,,,
,,,,,,,,,,,,,
,,,,,,,,,,,,,
,,,,,,,,,,,,,
,,,,,,,,,,,,,
,,,,,,,,,,,,,
,,,,,,,,,,,,,
,,,,,,,,,,,,,
,,,,,,,,,,,,,
,,,,,,,,,,,,,
,,,,,,,,,,,,,
,,,,,,,,,,,,,
,,,,,,,,,,,,,
,,,,,,,,,,,,,
,,,,,,,,,,,,,
,,,,,,,,,,,,,
,,,,,,,,,,,,,
,,,,,,,,,,,,,
,,,,,,,,,,,,,
,,,,,,,,,,,,,
,,,,,,,,,,,,,
,,,,,,,,,,,,,
,,,,,,,,,,,,,
,,,,,,,,,,,,,
,,,,,,,,,,,,,
,,,,,,,,,,,,,
,,,,,,,,,,,,,
,,,,,,,,,,,,,
,,,,,,,,,,,,,
,,,,,,,,,,,,,
,,,,,,,,,,,,,
,,,,,,,,,,,,,
,,,,,,,,,,,,,
,,,,,,,,,,,,,
,,,,,,,,,,,,,
,,,,,,,,,,,,,
,,,,,,,,,,,,,
,,,,,,,,,,,,,
,,,,,,,,,,,,,
,,,,,,,,,,,,,
,,,,,,,,,,,,,
,,,,,,,,,,,,,
,,,,,,,,,,,,,
,,,,,,,,,,,,,
,,,,,,,,,,,,,
,,,,,,,,,,,,,
,,,,,,,,,,,,,
,,,,,,,,,,,,,
,,,,,,,,,,,,,
,,,,,,,,,,,,,
,,,,,,,,,,,,,
,,,,,,,,,,,,,
,,,,,,,,,,,,,
,,,,,,,,,,,,,
,,,,,,,,,,,,,
,,,,,,,,,,,,,
,,,,,,,,,,,,,
,,,,,,,,,,,,,
,,,,,,,,,,,,,
,,,,,,,,,,,,,
,,,,,,,,,,,,,
,,,,,,,,,,,,,
,,,,,,,,,,,,,
,,,,,,,,,,,,,
,,,,,,,,,,,,,
,,,,,,,,,,,,,
,,,,,,,,,,,,,
,,,,,,,,,,,,,
,,,,,,,,,,,,,
,,,,,,,,,,,,,
,,,,,,,,,,,,,
,,,,,,,,,,,,,
,,,,,,,,,,,,,
,,,,,,,,,,,,,
,,,,,,,,,,,,,
,,,,,,,,,,,,,
,,,,,,,,,,,,,
,,,,,,,,,,,,,
,,,,,,,,,,,,,
,,,,,,,,,,,,,
,,,,,,,,,,,,,
,,,,,,,,,,,,,
,,,,,,,,,,,,,
,,,,,,,,,,,,,
,,,,,,,,,,,,,
,,,,,,,,,,,,,
,,,,,,,,,,,,,
,,,,,,,,,,,,,
,,,,,,,,,,,,,
,,,,,,,,,,,,,
,,,,,,,,,,,,,
,,,,,,,,,,,,,
,,,,,,,,,,,,,
,,,,,,,,,,,,,
,,,,,,,,,,,,,
,,,,,,,,,,,,,
,,,,,,,,,,,,,
,,,,,,,,,,,,,
,,,,,,,,,,,,,
,,,,,,,,,,,,,
,,,,,,,,,,,,,
,,,,,,,,,,,,,
,,,,,,,,,,,,,
,,,,,,,,,,,,,
,,,,,,,,,,,,,
,,,,,,,,,,,,,
,,,,,,,,,,,,,
,,,,,,,,,,,,,
,,,,,,,,,,,,,
,,,,,,,,,,,,,
,,,,,,,,,,,,,
,,,,,,,,,,,,,
,,,,,,,,,,,,,
,,,,,,,,,,,,,
,,,,,,,,,,,,,
,,,,,,,,,,,,,
,,,,,,,,,,,,,
,,,,,,,,,,,,,
,,,,,,,,,,,,,
,,,,,,,,,,,,,
,,,,,,,,,,,,,
,,,,,,,,,,,,,
,,,,,,,,,,,,,
,,,,,,,,,,,,,
,,,,,,,,,,,,,
,,,,,,,,,,,,,
,,,,,,,,,,,,,
,,,,,,,,,,,,,
,,,,,,,,,,,,,
,,,,,,,,,,,,,
,,,,,,,,,,,,,
,,,,,,,,,,,,,
,,,,,,,,,,,,,
,,,,,,,,,,,,,
,,,,,,,,,,,,,
,,,,,,,,,,,,,
,,,,,,,,,,,,,
,,,,,,,,,,,,,
,,,,,,,,,,,,,
,,,,,,,,,,,,,
,,,,,,,,,,,,,
,,,,,,,,,,,,,
,,,,,,,,,,,,,
,,,,,,,,,,,,,
,,,,,,,,,,,,,
,,,,,,,,,,,,,
,,,,,,,,,,,,,
,,,,,,,,,,,,,
,,,,,,,,,,,,,
,,,,,,,,,,,,,
,,,,,,,,,,,,,
,,,,,,,,,,,,,
,,,,,,,,,,,,,
,,,,,,,,,,,,,
,,,,,,,,,,,,,
,,,,,,,,,,,,,
,,,,,,,,,,,,,
,,,,,,,,,,,,,
,,,,,,,,,,,,,
,,,,,,,,,,,,,
,,,,,,,,,,,,,
,,,,,,,,,,,,,
,,,,,,,,,,,,,
,,,,,,,,,,,,,
,,,,,,,,,,,,,
,,,,,,,,,,,,,
,,,,,,,,,,,,,
,,,,,,,,,,,,,
,,,,,,,,,,,,,
,,,,,,,,,,,,,
,,,,,,,,,,,,,
,,,,,,,,,,,,,
,,,,,,,,,,,,,
,,,,,,,,,,,,,
,,,,,,,,,,,,,
,,,,,,,,,,,,,
,,,,,,,,,,,,,
,,,,,,,,,,,,,
,,,,,,,,,,,,,
,,,,,,,,,,,,,
,,,,,,,,,,,,,
,,,,,,,,,,,,,
,,,,,,,,,,,,,
,,,,,,,,,,,,,
,,,,,,,,,,,,,
,,,,,,,,,,,,,
,,,,,,,,,,,,,
,,,,,,,,,,,,,
,,,,,,,,,,,,,
,,,,,,,,,,,,,
,,,,,,,,,,,,,
,,,,,,,,,,,,,
,,,,,,,,,,,,,
,,,,,,,,,,,,,
,,,,,,,,,,,,,
,,,,,,,,,,,,,
,,,,,,,,,,,,,
,,,,,,,,,,,,,
,,,,,,,,,,,,,
,,,,,,,,,,,,,
,,,,,,,,,,,,,
,,,,,,,,,,,,,
,,,,,,,,,,,,,
,,,,,,,,,,,,,
,,,,,,,,,,,,,
,,,,,,,,,,,,,
,,,,,,,,,,,,,
,,,,,,,,,,,,,
,,,,,,,,,,,,,
,,,,,,,,,,,,,
,,,,,,,,,,,,,
,,,,,,,,,,,,,
,,,,,,,,,,,,,
,,,,,,,,,,,,,
,,,,,,,,,,,,,
,,,,,,,,,,,,,
,,,,,,,,,,,,,
,,,,,,,,,,,,,
,,,,,,,,,,,,,
,,,,,,,,,,,,,
,,,,,,,,,,,,,
,,,,,,,,,,,,,
,,,,,,,,,,,,,
,,,,,,,,,,,,,
,,,,,,,,,,,,,
,,,,,,,,,,,,,
,,,,,,,,,,,,,
,,,,,,,,,,,,,
,,,,,,,,,,,,,
,,,,,,,,,,,,,
,,,,,,,,,,,,,
,,,,,,,,,,,,,
,,,,,,,,,,,,,
,,,,,,,,,,,,,
,,,,,,,,,,,,,
,,,,,,,,,,,,,
,,,,,,,,,,,,,
,,,,,,,,,,,,,
,,,,,,,,,,,,,
,,,,,,,,,,,,,
,,,,,,,,,,,,,
,,,,,,,,,,,,,
,,,,,,,,,,,,,
,,,,,,,,,,,,,
,,,,,,,,,,,,,
,,,,,,,,,,,,,
,,,,,,,,,,,,,
,,,,,,,,,,,,,
,,,,,,,,,,,,,
,,,,,,,,,,,,,
,,,,,,,,,,,,,
,,,,,,,,,,,,,
,,,,,,,,,,,,,
,,,,,,,,,,,,,
,,,,,,,,,,,,,
,,,,,,,,,,,,,
,,,,,,,,,,,,,
,,,,,,,,,,,,,
,,,,,,,,,,,,,
,,,,,,,,,,,,,
,,,,,,,,,,,,,
,,,,,,,,,,,,,
,,,,,,,,,,,,,
,,,,,,,,,,,,,
,,,,,,,,,,,,,
,,,,,,,,,,,,,
,,,,,,,,,,,,,
,,,,,,,,,,,,,
,,,,,,,,,,,,,
,,,,,,,,,,,,,
,,,,,,,,,,,,,
,,,,,,,,,,,,,
,,,,,,,,,,,,,
,,,,,,,,,,,,,
,,,,,,,,,,,,,
,,,,,,,,,,,,,
,,,,,,,,,,,,,
,,,,,,,,,,,,,
,,,,,,,,,,,,,
,,,,,,,,,,,,,
,,,,,,,,,,,,,
,,,,,,,,,,,,,
,,,,,,,,,,,,,
,,,,,,,,,,,,,
,,,,,,,,,,,,,
,,,,,,,,,,,,,
,,,,,,,,,,,,,
,,,,,,,,,,,,,
,,,,,,,,,,,,,
,,,,,,,,,,,,,
,,,,,,,,,,,,,
,,,,,,,,,,,,,
,,,,,,,,,,,,,
,,,,,,,,,,,,,
,,,,,,,,,,,,,
,,,,,,,,,,,,,
,,,,,,,,,,,,,
,,,,,,,,,,,,,
,,,,,,,,,,,,,
,,,,,,,,,,,,,
,,,,,,,,,,,,,
,,,,,,,,,,,,,
,,,,,,,,,,,,,
,,,,,,,,,,,,,
,,,,,,,,,,,,,
,,,,,,,,,,,,,
,,,,,,,,,,,,,
,,,,,,,,,,,,,
,,,,,,,,,,,,,
,,,,,,,,,,,,,
,,,,,,,,,,,,,
,,,,,,,,,,,,,
,,,,,,,,,,,,,
,,,,,,,,,,,,,
